1,-2.8412,2.5680,10.6679,0.0857
1,-2.5328,2.2287,26.3982,0.0365
1,-3.8798,-3.2093,1.0480,0.4883
1,4.6637,-2.5383,84.2932,0.0117
1,-4.5109,1.5565,201.5065,0.0049
1,-2.0880,-1.0874,122.2121,0.0081
1,4.6133,0.7126,124.4193,0.0080
1,4.0189,-0.0009,35.4150,0.0275
1,0.8160,0.7996,121.6504,0.0082
1,-1.5798,3.2222,31.1491,0.0311
1,4.2893,1.1113,74.5862,0.0132
1,4.8456,-2.8542,128.5588,0.0077
1,-3.8307,-1.8282,59.4839,0.0165
1,-1.5636,-3.0758,136.0844,0.0073
1,2.7563,-2.9520,60.3680,0.0163
1,2.1065,-4.2752,296.5815,0.0034
1,1.5701,1.4622,60.8578,0.0162
1,-1.2824,-3.0786,156.0312,0.0064
1,-4.5073,-2.7428,59.0750,0.0166
1,3.3137,-0.2590,13.1761,0.0705
1,3.3490,-2.7614,22.2733,0.0430
1,0.6714,0.7148,130.5605,0.0076
1,-2.4023,1.2086,79.2307,0.0125
1,-4.9932,4.1896,359.2984,0.0028
1,2.2624,0.7896,42.8526,0.0228
2,-2.8412,2.5680,10.6679,0.0857
2,-2.7306,2.2287,24.4211,0.0393
2,-3.8798,-3.2093,1.0480,0.4883
2,2.6723,-2.5383,45.3953,0.0216
2,-4.5109,1.5565,201.5065,0.0049
2,-2.0880,-1.0874,122.2121,0.0081
2,4.6133,0.7126,124.4193,0.0080
2,4.0189,-0.0009,35.4150,0.0275
2,0.8160,0.7996,121.6504,0.0082
2,-1.5798,3.2222,31.1491,0.0311
2,3.8308,1.1113,26.6512,0.0362
2,4.8456,-2.8542,128.5588,0.0077
2,-3.8307,-1.8282,59.4839,0.0165
2,-3.0194,-3.0758,24.9067,0.0386
2,2.7563,-2.9520,60.3680,0.0163
2,2.1065,-4.2752,296.5815,0.0034
2,1.5701,1.4622,60.8578,0.0162
2,-1.2824,0.0737,154.6588,0.0064
2,-4.5073,-2.7428,59.0750,0.0166
2,3.3137,-0.2590,13.1761,0.0705
2,3.3490,-0.8521,8.9599,0.1004
2,3.2600,1.0805,7.1194,0.1232
2,-2.4023,2.2516,27.6365,0.0349
2,-4.9932,4.1896,359.2984,0.0028
2,2.2624,0.7896,42.8526,0.0228
3,-2.8412,2.5680,10.6679,0.0857
3,-2.7306,2.2287,24.4211,0.0393
3,-3.8798,-3.2797,0.6125,0.6201
3,2.6723,-2.5383,45.3953,0.0216
3,-4.5109,-1.8175,124.0738,0.0080
3,-2.0880,-1.6015,110.4777,0.0090
3,4.6133,0.7126,124.4193,0.0080
3,3.9531,-0.0009,30.6850,0.0316
3,0.8160,0.7996,121.6504,0.0082
3,-1.5798,3.2222,31.1491,0.0311
3,3.8308,-1.3181,7.6055,0.1162
3,4.8456,-2.8542,128.5588,0.0077
3,-3.8307,-1.8282,59.4839,0.0165
3,-3.0194,-3.0758,24.9067,0.0386
3,2.7563,-2.8532,54.3244,0.0181
3,2.1065,-2.8685,100.0630,0.0099
3,1.5701,1.7523,51.5680,0.0190
3,-1.2824,0.1404,153.1884,0.0065
3,-4.5073,-3.9046,43.2555,0.0226
3,3.3137,-1.1439,7.0065,0.1249
3,3.3490,-0.8521,8.9599,0.1004
3,3.2600,1.0805,7.1194,0.1232
3,-2.4023,2.2516,27.6365,0.0349
3,-4.9932,4.1896,359.2984,0.0028
3,2.2624,1.3388,29.3098,0.0330
4,-2.8412,2.5680,10.6679,0.0857
4,-2.7306,2.2287,24.4211,0.0393
4,-3.8798,-3.2797,0.6125,0.6201
4,2.6723,-2.5383,45.3953,0.0216
4,-4.5109,-2.6504,64.9839,0.0152
4,-2.0880,-1.6015,110.4777,0.0090
4,4.6133,-1.8265,72.4025,0.0136
4,3.9531,-2.6514,19.7664,0.0482
4,-1.7283,0.7996,117.4626,0.0084
4,-1.5798,3.2222,31.1491,0.0311
4,3.8308,-1.3181,7.6055,0.1162
4,4.8456,-2.8542,128.5588,0.0077
4,-3.8307,-1.8282,59.4839,0.0165
4,-3.7324,-3.0758,1.6394,0.3789
4,2.7563,-2.8444,53.8261,0.0182
4,2.3604,-2.8685,81.7176,0.0121
4,1.7342,1.7523,43.7587,0.0223
4,-1.2824,-2.9335,151.1207,0.0066
4,-4.5073,-3.9046,43.2555,0.0226
4,3.3137,-1.1439,7.0065,0.1249
4,3.3490,-1.2271,5.6242,0.1510
4,3.2339,1.0805,7.0433,0.1243
4,-2.4365,2.2516,26.9756,0.0357
4,-4.6650,4.1896,258.2310,0.0039
4,2.3685,1.3388,24.4721,0.0393
5,-2.7719,2.5680,10.6539,0.0858
5,-2.7306,2.2287,24.4211,0.0393
5,-3.8798,-3.2797,0.6125,0.6201
5,2.6723,-2.2726,38.2928,0.0254
5,-4.5109,-2.6504,64.9839,0.0152
5,-2.0880,-1.6015,110.4777,0.0090
5,3.6982,-1.8265,0.7243,0.5799
5,3.9531,-2.6514,19.7664,0.0482
5,-1.7283,0.7996,117.4626,0.0084
5,-1.5798,3.2222,31.1491,0.0311
5,3.8308,-1.3181,7.6055,0.1162
5,3.4710,-2.8542,24.5810,0.0391
5,-3.8307,-1.8282,59.4839,0.0165
5,-3.7497,-3.3131,0.1154,0.8965
5,2.7563,-2.8444,53.8261,0.0182
5,2.3604,-0.4800,54.3512,0.0181
5,1.7342,2.0767,35.9049,0.0271
5,1.8596,-2.9335,121.7375,0.0081
5,-4.5073,-3.9046,43.2555,0.0226
5,3.3137,-1.1439,7.0065,0.1249
5,3.3490,-1.2271,5.6242,0.1510
5,3.2339,1.0805,7.0433,0.1243
5,-3.0813,2.2516,25.6734,0.0375
5,-4.6650,4.1896,258.2310,0.0039
5,2.3685,1.3388,24.4721,0.0393
6,-2.7719,2.5680,10.6539,0.0858
6,-2.7306,2.2287,24.4211,0.0393
6,-3.8798,-3.2797,0.6125,0.6201
6,2.6723,-2.2726,38.2928,0.0254
6,-4.5109,-2.6504,64.9839,0.0152
6,-2.0880,-3.1197,95.6695,0.0103
6,3.6982,-1.8265,0.7243,0.5799
6,3.9531,-2.6514,19.7664,0.0482
6,-2.3836,0.7996,96.8811,0.0102
6,-1.5798,3.2222,31.1491,0.0311
6,3.8308,-1.3181,7.6055,0.1162
6,3.4710,-2.8542,24.5810,0.0391
6,-3.8307,-1.8282,59.4839,0.0165
6,-3.7497,-3.3131,0.1154,0.8965
6,3.0061,-2.8444,39.8965,0.0245
6,2.3604,-0.4800,54.3512,0.0181
6,1.7342,2.0767,35.9049,0.0271
6,1.8596,2.5702,26.8647,0.0359
6,-4.5073,-3.9046,43.2555,0.0226
6,3.3137,-1.1439,7.0065,0.1249
6,3.3490,-1.6216,3.0191,0.2488
6,3.2339,1.0805,7.0433,0.1243
6,-3.0813,2.2516,25.6734,0.0375
6,-4.0102,4.1896,128.7627,0.0077
6,2.3685,1.3388,24.4721,0.0393
7,-2.7719,2.5680,10.6539,0.0858
7,-2.7306,2.5607,11.0362,0.0831
7,-3.8798,-3.2797,0.6125,0.6201
7,2.6723,-2.2726,38.2928,0.0254
7,-4.5109,-2.6504,64.9839,0.0152
7,-2.0880,-3.1197,95.6695,0.0103
7,3.5715,-1.8265,0.0136,0.9866
7,3.4170,-2.6514,15.7826,0.0596
7,-2.3845,0.7996,96.8578,0.0102
7,-1.5798,3.2222,31.1491,0.0311
7,3.8308,-1.3181,7.6055,0.1162
7,3.4710,-2.8542,24.5810,0.0391
7,-3.4411,-1.8282,51.3671,0.0191
7,-3.7497,-3.2729,0.0465,0.9555
7,3.0061,-2.8444,39.8965,0.0245
7,2.7679,2.4365,3.7190,0.2119
7,3.0577,2.0767,0.3190,0.7581
7,3.0791,2.5702,8.3137,0.1074
7,-4.5073,-3.9046,43.2555,0.0226
7,3.3137,-1.1439,7.0065,0.1249
7,3.3490,-1.6216,3.0191,0.2488
7,3.2339,1.0805,7.0433,0.1243
7,-3.0813,2.2516,25.6734,0.0375
7,-2.6561,3.8612,27.5971,0.0350
7,2.3685,1.3388,24.4721,0.0393
8,-2.7719,2.5680,10.6539,0.0858
8,-2.7306,2.5607,11.0362,0.0831
8,-3.8798,-3.2797,0.6125,0.6201
8,3.2753,-2.2726,8.5501,0.1047
8,-4.5109,-2.6504,64.9839,0.0152
8,-2.0880,-2.6230,90.6799,0.0109
8,3.5715,-1.8265,0.0136,0.9866
8,3.4170,0.1204,13.3683,0.0696
8,-2.3845,0.7996,96.8578,0.0102
8,-1.5798,3.2222,31.1491,0.0311
8,3.8308,-1.3181,7.6055,0.1162
8,3.4710,-2.3336,5.3269,0.1581
8,-3.4411,-1.8282,51.3671,0.0191
8,-3.7497,-3.2729,0.0465,0.9555
8,3.0061,-2.8444,39.8965,0.0245
8,2.7679,2.4365,3.7190,0.2119
8,3.0577,2.0767,0.3190,0.7581
8,3.0791,2.5702,8.3137,0.1074
8,-4.5073,-3.9046,43.2555,0.0226
8,3.3137,-1.1439,7.0065,0.1249
8,3.3490,-1.6216,3.0191,0.2488
8,3.2339,1.0805,7.0433,0.1243
8,-3.0813,2.2516,25.6734,0.0375
8,-2.9929,3.8612,27.4727,0.0351
8,2.3685,1.3388,24.4721,0.0393
9,-2.7719,3.5422,7.7530,0.1142
9,-2.7306,2.5607,11.0362,0.0831
9,-3.7294,-3.2797,0.1385,0.8784
9,3.2753,-2.2726,8.5501,0.1047
9,-3.9410,-2.6504,18.8759,0.0503
9,-2.0880,-2.6230,90.6799,0.0109
9,3.5715,-1.8265,0.0136,0.9866
9,3.1072,1.7710,0.7533,0.5703
9,-2.3845,0.7996,96.8578,0.0102
9,-1.5798,3.2222,31.1491,0.0311
9,3.8308,-1.6542,4.2716,0.1897
9,3.6095,-1.7521,0.1793,0.8480
9,-3.4411,-1.8282,51.3671,0.0191
9,-3.7497,-3.2729,0.0465,0.9555
9,3.0061,-2.8444,39.8965,0.0245
9,2.9056,2.4365,3.4078,0.2269
9,3.0577,2.0670,0.2826,0.7796
9,2.9272,2.3771,2.4924,0.2863
9,-4.5073,-3.9046,43.2555,0.0226
9,3.3137,-1.4585,4.6144,0.1781
9,3.5535,-1.6216,0.6672,0.5998
9,3.2339,1.0805,7.0433,0.1243
9,-3.0813,2.2516,25.6734,0.0375
9,-2.9929,3.8612,27.4727,0.0351
9,2.3685,1.3388,24.4721,0.0393
10,-2.7719,3.5422,7.7530,0.1142
10,-2.7306,2.5607,11.0362,0.0831
10,-3.7294,-3.2797,0.1385,0.8784
10,3.2753,-2.2726,8.5501,0.1047
10,-3.9410,-2.6504,18.8759,0.0503
10,-2.0880,-2.6230,90.6799,0.0109
10,3.5715,-1.8265,0.0136,0.9866
10,3.0223,1.7710,0.7170,0.5824
10,-2.3845,0.7996,96.8578,0.0102
10,-1.5798,3.2222,31.1491,0.0311
10,3.8308,-1.7586,3.6790,0.2137
10,3.6095,-1.7521,0.1793,0.8480
10,-3.4411,-1.8282,51.3671,0.0191
10,-3.7497,-3.2729,0.0465,0.9555
10,3.0061,-2.8444,39.8965,0.0245
10,2.9056,2.4365,3.4078,0.2269
10,3.0378,2.0670,0.1834,0.8450
10,2.9272,2.3771,2.4924,0.2863
10,-4.5073,-3.9046,43.2555,0.0226
10,3.3137,-1.4585,4.6144,0.1781
10,3.5535,-1.6216,0.6672,0.5998
10,3.2339,1.0805,7.0433,0.1243
10,-3.0813,2.2516,25.6734,0.0375
10,-2.9929,3.8612,27.4727,0.0351
10,2.3685,1.3388,24.4721,0.0393
11,-2.7719,3.5422,7.7530,0.1142
11,-2.7306,2.5607,11.0362,0.0831
11,-3.7888,-3.2782,0.0077,0.9924
11,3.4285,-2.2726,4.8421,0.1712
11,-3.9410,-2.6504,18.8759,0.0503
11,-2.0880,-2.6230,90.6799,0.0109
11,3.5715,-1.8265,0.0136,0.9866
11,3.0223,1.7710,0.7170,0.5824
11,-2.3845,0.7996,96.8578,0.0102
11,-1.9666,3.2222,17.2960,0.0547
11,3.8308,-1.7586,3.6790,0.2137
11,3.6095,-1.7521,0.1793,0.8480
11,-3.4411,-1.8282,51.3671,0.0191
11,-3.7497,-3.2729,0.0465,0.9555
11,3.0061,-2.8444,39.8965,0.0245
11,2.9056,2.4365,3.4078,0.2269
11,3.0378,2.0670,0.1834,0.8450
11,2.9272,2.3771,2.4924,0.2863
11,-4.5073,-3.9046,43.2555,0.0226
11,3.3137,-1.4585,4.6144,0.1781
11,3.5735,-1.6216,0.6568,0.6036
11,3.2339,1.0805,7.0433,0.1243
11,-3.0813,2.2516,25.6734,0.0375
11,-2.9929,3.8612,27.4727,0.0351
11,2.3685,1.3388,24.4721,0.0393
12,-2.7719,3.4872,5.7348,0.1485
12,-2.7306,2.5607,11.0362,0.0831
12,-3.7888,-3.2782,0.0077,0.9924
12,3.4285,-2.2726,4.8421,0.1712
12,-3.9410,-2.6504,18.8759,0.0503
12,-2.0880,-2.6230,90.6799,0.0109
12,3.5715,-1.8265,0.0136,0.9866
12,3.0223,1.7710,0.7170,0.5824
12,-2.3845,0.7996,96.8578,0.0102
12,-2.9766,3.2222,1.3364,0.4280
12,3.6913,-1.7586,0.7981,0.5561
12,3.6095,-1.8183,0.0514,0.9511
12,-3.4411,-1.8282,51.3671,0.0191
12,-3.7497,-3.2729,0.0465,0.9555
12,3.0061,-2.8444,39.8965,0.0245
12,2.9056,1.7709,1.5365,0.3943
12,3.0378,2.0670,0.1834,0.8450
12,2.9272,2.3771,2.4924,0.2863
12,-4.5073,-3.9046,43.2555,0.0226
12,3.5625,-1.4585,1.7712,0.3609
12,3.5735,-1.6216,0.6568,0.6036
12,3.2339,1.0805,7.0433,0.1243
12,2.6985,2.2516,2.7413,0.2673
12,-2.9929,3.8612,27.4727,0.0351
12,2.3685,1.3388,24.4721,0.0393
13,-2.7719,3.4872,5.7348,0.1485
13,-2.7306,2.5607,11.0362,0.0831
13,-3.7888,-3.2782,0.0077,0.9924
13,3.4285,-2.2726,4.8421,0.1712
13,-3.9410,-3.1458,3.0120,0.2493
13,-2.0880,-2.6230,90.6799,0.0109
13,3.5715,-1.8265,0.0136,0.9866
13,3.0223,1.7710,0.7170,0.5824
13,-2.3845,2.1694,31.7754,0.0305
13,-2.9766,3.2222,1.3364,0.4280
13,3.6913,-1.7586,0.7981,0.5561
13,3.6095,-1.8183,0.0514,0.9511
13,-3.4411,-1.8282,51.3671,0.0191
13,-3.7497,-3.2729,0.0465,0.9555
13,3.0732,-2.8444,36.6925,0.0265
13,2.9056,1.7709,1.5365,0.3943
13,3.0378,2.0670,0.1834,0.8450
13,2.9272,2.1377,0.3333,0.7500
13,-4.5073,-3.9046,43.2555,0.0226
13,3.5625,-1.4585,1.7712,0.3609
13,3.5735,-1.6216,0.6568,0.6036
13,3.0580,1.4015,3.9729,0.2011
13,2.6985,2.2516,2.7413,0.2673
13,-2.9929,3.8612,27.4727,0.0351
13,2.3685,1.3388,24.4721,0.0393
14,-2.7719,3.4872,5.7348,0.1485
14,-2.7306,2.5607,11.0362,0.0831
14,-3.7888,-3.2782,0.0077,0.9924
14,3.4285,-2.2726,4.8421,0.1712
14,-3.9410,-3.1458,3.0120,0.2493
14,-2.0880,-2.6230,90.6799,0.0109
14,3.5715,-1.8265,0.0136,0.9866
14,3.0223,1.7710,0.7170,0.5824
14,-2.3845,2.1694,31.7754,0.0305
14,-2.9766,3.2222,1.3364,0.4280
14,3.6913,-1.7586,0.7981,0.5561
14,3.6095,-1.8183,0.0514,0.9511
14,-3.4411,-1.8282,51.3671,0.0191
14,-3.7497,-3.2729,0.0465,0.9555
14,3.5968,-2.8444,22.7936,0.0420
14,2.9056,1.7709,1.5365,0.3943
14,3.0378,2.0670,0.1834,0.8450
14,2.9272,2.1377,0.3333,0.7500
14,-4.5073,-3.1635,40.0954,0.0243
14,3.5625,-1.6983,0.3063,0.7655
14,3.5735,-1.6216,0.6568,0.6036
14,3.0891,1.4015,3.7926,0.2087
14,2.6985,2.2516,2.7413,0.2673
14,-2.9929,3.8612,27.4727,0.0351
14,2.3685,1.3388,24.4721,0.0393
15,-2.7719,3.4872,5.7348,0.1485
15,-2.7306,2.5978,9.7892,0.0927
15,-3.7888,-3.2782,0.0077,0.9924
15,3.4412,-2.2726,4.6265,0.1777
15,-3.9410,-3.1458,3.0120,0.2493
15,-2.0880,-2.6230,90.6799,0.0109
15,3.5715,-1.8265,0.0136,0.9866
15,3.0223,1.7710,0.7170,0.5824
15,2.8062,2.1694,1.1764,0.4595
15,-2.9766,3.2222,1.3364,0.4280
15,3.6913,-1.7874,0.7153,0.5830
15,3.6095,-1.8183,0.0514,0.9511
15,-3.4411,-1.8282,51.3671,0.0191
15,-3.7497,-3.2729,0.0465,0.9555
15,3.5968,-2.8444,22.7936,0.0420
15,3.0434,1.7709,0.6741,0.5973
15,3.0356,2.0670,0.1745,0.8514
15,2.9272,2.1209,0.2773,0.7829
15,-4.5073,-3.1635,40.0954,0.0243
15,3.5625,-1.6983,0.3063,0.7655
15,3.5735,-1.6890,0.3357,0.7487
15,3.0891,1.4015,3.7926,0.2087
15,2.6985,2.2516,2.7413,0.2673
15,-2.9929,3.1239,1.2237,0.4497
15,2.3685,1.3617,23.9395,0.0401
16,-2.7719,3.4872,5.7348,0.1485
16,-2.7306,2.5978,9.7892,0.0927
16,-3.7888,-3.2782,0.0077,0.9924
16,3.4412,-2.2726,4.6265,0.1777
16,-3.8538,-3.1458,1.4156,0.4140
16,-2.5563,-2.6230,57.4036,0.0171
16,3.5715,-1.8265,0.0136,0.9866
16,3.0223,1.7710,0.7170,0.5824
16,2.9005,2.1694,0.5428,0.6482
16,-2.9766,3.2222,1.3364,0.4280
16,3.6913,-1.7874,0.7153,0.5830
16,3.6095,-1.8183,0.0514,0.9511
16,-3.4411,-2.1872,33.8151,0.0287
16,-3.7497,-3.2729,0.0465,0.9555
16,3.5968,-2.8444,22.7936,0.0420
16,3.0434,1.7709,0.6741,0.5973
16,3.0219,2.0670,0.1261,0.8880
16,2.9272,2.1209,0.2773,0.7829
16,-4.5073,-3.3020,36.5264,0.0266
16,3.5625,-1.6983,0.3063,0.7655
16,3.5735,-1.6890,0.3357,0.7487
16,3.0891,1.4015,3.7926,0.2087
16,2.6985,2.2516,2.7413,0.2673
16,-2.9929,3.1239,1.2237,0.4497
16,2.3685,1.3747,23.6399,0.0406
17,-2.7719,3.4872,5.7348,0.1485
17,-2.7306,2.7365,5.6798,0.1497
17,-3.7888,-3.2808,0.0062,0.9939
17,3.4412,-2.2726,4.6265,0.1777
17,-3.8538,-3.1703,1.1091,0.4741
17,-2.5563,-2.6230,57.4036,0.0171
17,3.5715,-1.8265,0.0136,0.9866
17,3.0223,1.7710,0.7170,0.5824
17,2.9005,2.1694,0.5428,0.6482
17,-2.9766,3.2222,1.3364,0.4280
17,3.6913,-1.7874,0.7153,0.5830
17,3.6095,-1.8183,0.0514,0.9511
17,-3.4411,-2.1872,33.8151,0.0287
17,-3.7497,-3.2729,0.0465,0.9555
17,3.5968,-2.8444,22.7936,0.0420
17,3.0434,1.9306,0.0899,0.9175
17,3.0219,2.0670,0.1261,0.8880
17,2.9931,2.1209,0.2476,0.8015
17,-4.5073,-3.3020,36.5264,0.0266
17,3.5625,-1.6983,0.3063,0.7655
17,3.5735,-1.6890,0.3357,0.7487
17,3.0891,1.4015,3.7926,0.2087
17,2.6985,2.2516,2.7413,0.2673
17,-2.9929,3.1239,1.2237,0.4497
17,2.3685,1.9407,12.6454,0.0733
18,-2.7719,3.4872,5.7348,0.1485
18,-2.7306,2.7365,5.6798,0.1497
18,-3.7888,-3.2808,0.0062,0.9939
18,3.4412,-2.2726,4.6265,0.1777
18,-3.8538,-3.1703,1.1091,0.4741
18,-2.5741,-2.6230,56.2142,0.0175
18,3.5715,-1.8265,0.0136,0.9866
18,3.0223,1.9891,0.0157,0.9846
18,2.9005,2.1694,0.5428,0.6482
18,-2.9766,3.2222,1.3364,0.4280
18,3.6913,-1.7874,0.7153,0.5830
18,3.5818,-1.8183,0.0127,0.9875
18,-3.4411,-2.3936,24.6115,0.0390
18,-3.7497,-3.2729,0.0465,0.9555
18,3.5968,-2.8444,22.7936,0.0420
18,3.0434,1.9306,0.0899,0.9175
18,3.0219,1.9834,0.0152,0.9850
18,2.9931,2.1209,0.2476,0.8015
18,-4.5073,-3.3020,36.5264,0.0266
18,3.5625,-1.6983,0.3063,0.7655
18,3.5735,-1.6890,0.3357,0.7487
18,3.0891,1.4015,3.7926,0.2087
18,2.6985,2.2516,2.7413,0.2673
18,-2.9929,3.1239,1.2237,0.4497
18,2.6801,1.9407,3.8271,0.2072
19,-2.7719,3.4872,5.7348,0.1485
19,-2.7306,2.7365,5.6798,0.1497
19,-3.7888,-3.2808,0.0062,0.9939
19,3.4412,-2.2726,4.6265,0.1777
19,-3.8501,-3.1703,1.0645,0.4844
19,-2.5741,-2.6230,56.2142,0.0175
19,3.5846,-1.8265,0.0068,0.9932
19,3.0223,1.9891,0.0157,0.9846
19,2.9951,2.1694,0.5115,0.6616
19,-2.9766,3.2222,1.3364,0.4280
19,3.6913,-1.8444,0.6187,0.6178
19,3.5818,-1.8183,0.0127,0.9875
19,-3.4411,-2.6617,14.5777,0.0642
19,-3.7497,-3.2729,0.0465,0.9555
19,3.5968,-2.7368,17.3401,0.0545
19,3.0434,1.9306,0.0899,0.9175
19,3.0108,1.9834,0.0054,0.9946
19,2.9931,2.1209,0.2476,0.8015
19,-4.5073,-3.3020,36.5264,0.0266
19,3.5625,-1.6983,0.3063,0.7655
19,3.5735,-1.6890,0.3357,0.7487
19,3.0891,1.4015,3.7926,0.2087
19,2.9818,2.2516,1.1259,0.4704
19,-2.9929,3.1239,1.2237,0.4497
19,2.6801,1.9407,3.8271,0.2072
20,-2.7719,3.4872,5.7348,0.1485
20,-2.7306,2.7365,5.6798,0.1497
20,-3.7888,-3.2808,0.0062,0.9939
20,3.4412,-1.9929,1.4957,0.4007
20,-3.8501,-3.1703,1.0645,0.4844
20,-2.5741,-2.6230,56.2142,0.0175
20,3.5836,-1.8393,0.0011,0.9989
20,3.0223,1.9891,0.0157,0.9846
20,2.9951,2.1694,0.5115,0.6616
20,-2.9766,3.2222,1.3364,0.4280
20,3.6913,-1.8444,0.6187,0.6178
20,3.5818,-1.8245,0.0080,0.9921
20,-3.4411,-3.0286,6.3928,0.1353
20,-3.7497,-3.2729,0.0465,0.9555
20,3.5968,-2.7368,17.3401,0.0545
20,3.0434,1.9306,0.0899,0.9175
20,3.0108,1.9834,0.0054,0.9946
20,2.9931,2.1209,0.2476,0.8015
20,-3.1480,-3.3020,19.8618,0.0479
20,3.5625,-1.6983,0.3063,0.7655
20,3.5735,-1.7296,0.1908,0.8398
20,3.0891,1.4851,2.9091,0.2558
20,2.9818,2.2516,1.1259,0.4704
20,-2.9929,3.1239,1.2237,0.4497
20,2.6801,1.9407,3.8271,0.2072
21,-2.7719,3.4872,5.7348,0.1485
21,-2.7306,2.7365,5.6798,0.1497
21,-3.7888,-3.2808,0.0062,0.9939
21,3.4412,-1.9929,1.4957,0.4007
21,-3.8501,-3.1703,1.0645,0.4844
21,-2.5741,-2.6230,56.2142,0.0175
21,3.5836,-1.8393,0.0011,0.9989
21,3.0223,1.9891,0.0157,0.9846
21,2.9951,2.1694,0.5115,0.6616
21,-2.9766,3.2222,1.3364,0.4280
21,3.6913,-1.8444,0.6187,0.6178
21,3.5818,-1.8245,0.0080,0.9921
21,-3.4411,-3.0286,6.3928,0.1353
21,-3.7497,-3.2729,0.0465,0.9555
21,3.5968,-2.3416,4.4887,0.1822
21,3.0434,1.9306,0.0899,0.9175
21,3.0108,1.9834,0.0054,0.9946
21,2.9931,2.1209,0.2476,0.8015
21,-3.2600,-3.3020,13.9161,0.0670
21,3.5625,-1.6983,0.3063,0.7655
21,3.5735,-1.7296,0.1908,0.8398
21,3.1447,1.4851,2.8619,0.2589
21,2.9818,2.2516,1.1259,0.4704
21,-2.9929,3.1239,1.2237,0.4497
21,3.1184,1.9407,0.4554,0.6871
22,-2.7719,3.0374,0.3764,0.7266
22,-2.7306,2.7715,4.7974,0.1725
22,-3.7888,-3.2808,0.0062,0.9939
22,3.4412,-1.9929,1.4957,0.4007
22,-3.8501,-3.1703,1.0645,0.4844
22,-2.5741,-2.6230,56.2142,0.0175
22,3.5836,-1.8393,0.0011,0.9989
22,3.0223,1.9891,0.0157,0.9846
22,2.9951,2.0325,0.0159,0.9843
22,-2.9766,3.2222,1.3364,0.4280
22,3.6913,-1.8444,0.6187,0.6178
22,3.5818,-1.8245,0.0080,0.9921
22,-3.4411,-3.0286,6.3928,0.1353
22,-3.7732,-3.2729,0.0051,0.9949
22,3.6239,-2.3416,4.4822,0.1824
22,3.0434,1.9306,0.0899,0.9175
22,3.0108,1.9834,0.0054,0.9946
22,2.9931,2.0139,0.0031,0.9969
22,-3.2600,-3.3020,13.9161,0.0670
22,3.5625,-1.6983,0.3063,0.7655
22,3.5735,-1.7296,0.1908,0.8398
22,3.1447,1.4851,2.8619,0.2589
22,2.9818,2.2156,0.8045,0.5542
22,-2.9787,3.1239,1.0412,0.4899
22,3.1184,1.9334,0.4530,0.6882
23,-2.7719,3.0374,0.3764,0.7266
23,-2.7306,2.7715,4.7974,0.1725
23,-3.7888,-3.2808,0.0062,0.9939
23,3.4412,-1.9929,1.4957,0.4007
23,-3.8501,-3.1703,1.0645,0.4844
23,-2.5741,-2.6230,56.2142,0.0175
23,3.5836,-1.8393,0.0011,0.9989
23,3.0046,1.9891,0.0018,0.9982
23,2.9951,2.0325,0.0159,0.9843
23,-2.7789,3.2198,0.3496,0.7410
23,3.6913,-1.8444,0.6187,0.6178
23,3.5818,-1.8245,0.0080,0.9921
23,-3.9659,-3.0286,6.1039,0.1408
23,-3.7732,-3.2729,0.0051,0.9949
23,3.6239,-2.3416,4.4822,0.1824
23,3.0434,1.9306,0.0899,0.9175
23,3.0028,1.9834,0.0040,0.9960
23,2.9931,2.0139,0.0031,0.9969
23,-3.2600,-3.2810,13.6040,0.0685
23,3.5625,-1.6983,0.3063,0.7655
23,3.5735,-1.7296,0.1908,0.8398
23,3.1447,1.4851,2.8619,0.2589
23,2.9818,2.2156,0.8045,0.5542
23,-2.9787,3.1239,1.0412,0.4899
23,3.1184,1.9334,0.4530,0.6882
24,-2.7719,3.0374,0.3764,0.7266
24,-2.7306,2.7715,4.7974,0.1725
24,-3.7888,-3.2808,0.0062,0.9939
24,3.4412,-1.7643,1.0502,0.4877
24,-3.8501,-3.1703,1.0645,0.4844
24,-2.5741,-2.6230,56.2142,0.0175
24,3.5836,-1.8393,0.0011,0.9989
24,3.0046,1.9891,0.0018,0.9982
24,2.9951,2.0325,0.0159,0.9843
24,-2.7789,3.2198,0.3496,0.7410
24,3.6913,-1.8461,0.6173,0.6183
24,3.5818,-1.8245,0.0080,0.9921
24,-3.9659,-3.1336,3.8564,0.2059
24,-3.7732,-3.2882,0.0042,0.9958
24,3.6239,-2.3416,4.4822,0.1824
24,3.0434,1.9306,0.0899,0.9175
24,3.0028,1.9834,0.0040,0.9960
24,2.9931,2.0139,0.0031,0.9969
24,-3.2600,-3.2810,13.6040,0.0685
24,3.5629,-1.6983,0.3059,0.7658
24,3.5735,-1.7296,0.1908,0.8398
24,3.1447,1.4851,2.8619,0.2589
24,2.9818,2.2156,0.8045,0.5542
24,-2.9787,3.1239,1.0412,0.4899
24,3.1184,1.9334,0.4530,0.6882
25,-2.7719,3.0374,0.3764,0.7266
25,-2.7306,2.7715,4.7974,0.1725
25,-3.7888,-3.2808,0.0062,0.9939
25,3.4412,-1.7643,1.0502,0.4877
25,-3.8501,-3.1703,1.0645,0.4844
25,-2.5741,-2.6230,56.2142,0.0175
25,3.5836,-1.8478,0.0000,1.0000
25,3.0046,1.9891,0.0018,0.9982
25,2.9951,2.0325,0.0159,0.9843
25,-2.7789,3.2198,0.3496,0.7410
25,3.6913,-1.8461,0.6173,0.6183
25,3.5818,-1.8245,0.0080,0.9921
25,-3.9659,-3.1336,3.8564,0.2059
25,-3.7732,-3.2882,0.0042,0.9958
25,3.6239,-2.3416,4.4822,0.1824
25,3.0434,1.9306,0.0899,0.9175
25,3.0028,1.9834,0.0040,0.9960
25,2.9931,2.0139,0.0031,0.9969
25,-3.2600,-3.2810,13.6040,0.0685
25,3.5629,-1.6983,0.3059,0.7658
25,3.5735,-1.7296,0.1908,0.8398
25,3.1447,1.4851,2.8619,0.2589
25,2.9818,2.2156,0.8045,0.5542
25,-2.9787,3.1239,1.0412,0.4899
25,3.1184,1.9334,0.4530,0.6882
26,-2.7719,3.0374,0.3764,0.7266
26,-2.7306,2.7715,4.7974,0.1725
26,-3.7888,-3.2808,0.0062,0.9939
26,3.4412,-1.7643,1.0502,0.4877
26,-3.8501,-3.1703,1.0645,0.4844
26,-2.8769,-2.6230,37.5633,0.0259
26,3.5836,-1.8478,0.0000,1.0000
26,3.0046,1.9902,0.0015,0.9985
26,2.9951,2.0325,0.0159,0.9843
26,-2.7789,3.2198,0.3496,0.7410
26,3.6913,-1.8461,0.6173,0.6183
26,3.5830,-1.8245,0.0079,0.9921
26,-3.9659,-3.1336,3.8564,0.2059
26,-3.7732,-3.2882,0.0042,0.9958
26,3.6239,-2.3416,4.4822,0.1824
26,3.0434,1.9306,0.0899,0.9175
26,3.0029,1.9834,0.0040,0.9960
26,2.9946,2.0127,0.0025,0.9975
26,-3.2600,-3.2810,13.6040,0.0685
26,3.5629,-1.6983,0.3059,0.7658
26,3.5735,-1.8374,0.0072,0.9929
26,3.1447,1.9646,0.7291,0.5783
26,2.9770,2.2156,0.7906,0.5585
26,-2.9787,3.1239,1.0412,0.4899
26,3.0904,1.9334,0.2638,0.7913
27,-2.7719,3.0374,0.3764,0.7266
27,-2.7306,2.7715,4.7974,0.1725
27,-3.7888,-3.2808,0.0062,0.9939
27,3.4412,-1.7643,1.0502,0.4877
27,-3.8501,-3.1703,1.0645,0.4844
27,-2.8769,-2.6230,37.5633,0.0259
27,3.5836,-1.8478,0.0000,1.0000
27,3.0046,1.9902,0.0015,0.9985
27,2.9951,2.0325,0.0159,0.9843
27,-2.7789,3.2198,0.3496,0.7410
27,3.6913,-1.8461,0.6173,0.6183
27,3.5830,-1.8245,0.0079,0.9921
27,-3.9659,-3.1336,3.8564,0.2059
27,-3.7732,-3.2882,0.0042,0.9958
27,3.6239,-2.3416,4.4822,0.1824
27,3.0434,1.9306,0.0899,0.9175
27,3.0029,1.9834,0.0040,0.9960
27,2.9946,2.0127,0.0025,0.9975
27,-3.2600,-3.2810,13.6040,0.0685
27,3.5629,-1.6983,0.3059,0.7658
27,3.5797,-1.8374,0.0025,0.9975
27,3.1447,1.9646,0.7291,0.5783
27,2.9770,2.2156,0.7906,0.5585
27,-2.9787,3.1239,1.0412,0.4899
27,3.0904,1.9334,0.2638,0.7913
28,-2.7719,3.0374,0.3764,0.7266
28,-2.7306,3.1169,0.1827,0.8455
28,-3.7812,-3.2808,0.0006,0.9994
28,3.4412,-1.7643,1.0502,0.4877
28,-3.8501,-3.1703,1.0645,0.4844
28,-2.8769,-2.6230,37.5633,0.0259
28,3.5836,-1.8478,0.0000,1.0000
28,3.0046,1.9902,0.0015,0.9985
28,2.9951,2.0325,0.0159,0.9843
28,-2.7789,3.2198,0.3496,0.7410
28,3.6913,-1.8461,0.6173,0.6183
28,3.5830,-1.8245,0.0079,0.9921
28,-3.9659,-3.1336,3.8564,0.2059
28,-3.7732,-3.2882,0.0042,0.9958
28,3.6239,-1.8820,0.0903,0.9172
28,3.0434,1.9736,0.0594,0.9439
28,3.0029,1.9834,0.0040,0.9960
28,2.9946,2.0127,0.0025,0.9975
28,-3.2600,-3.2810,13.6040,0.0685
28,3.5629,-1.7215,0.2249,0.8164
28,-0.3279,-0.6093,180.6858,0.0055
28,3.1447,1.9646,0.7291,0.5783
28,2.9770,2.2156,0.7906,0.5585
28,-2.9787,3.1239,1.0412,0.4899
28,3.0904,1.9334,0.2638,0.7913
29,-2.7719,3.0374,0.3764,0.7266
29,-2.7306,3.1169,0.1827,0.8455
29,-3.7812,-3.2808,0.0006,0.9994
29,3.5080,-1.7643,0.3536,0.7388
29,-3.8501,-3.2007,0.7541,0.5701
29,3.2691,-2.6230,18.5401,0.0512
29,3.5836,-1.8478,0.0000,1.0000
29,3.0046,1.9902,0.0015,0.9985
29,2.9951,2.0325,0.0159,0.9843
29,-2.7789,3.2198,0.3496,0.7410
29,3.6913,-1.8461,0.6173,0.6183
29,3.5830,-1.8245,0.0079,0.9921
29,-3.9659,-3.1336,3.8564,0.2059
29,-3.7732,-3.2882,0.0042,0.9958
29,3.6239,-1.8820,0.0903,0.9172
29,3.0434,1.9736,0.0594,0.9439
29,3.0029,1.9924,0.0008,0.9992
29,2.9946,2.0127,0.0025,0.9975
29,-3.2600,-3.2810,13.6040,0.0685
29,3.5629,-1.7215,0.2249,0.8164
29,-0.3279,-0.2171,176.4317,0.0056
29,3.1447,1.9646,0.7291,0.5783
29,2.9770,2.2156,0.7906,0.5585
29,-2.9787,3.1239,1.0412,0.4899
29,3.0904,1.9334,0.2638,0.7913
30,-2.7719,3.0374,0.3764,0.7266
30,-2.7306,3.1169,0.1827,0.8455
30,-3.7812,-3.2808,0.0006,0.9994
30,3.5080,-1.7643,0.3536,0.7388
30,-3.8501,-3.2007,0.7541,0.5701
30,3.2691,-2.6230,18.5401,0.0512
30,3.5836,-1.8478,0.0000,1.0000
30,3.0046,1.9902,0.0015,0.9985
30,2.9951,2.0325,0.0159,0.9843
30,-2.7789,3.0886,0.0929,0.9150
30,3.6913,-1.8461,0.6173,0.6183
30,3.5830,-1.8245,0.0079,0.9921
30,-3.9659,-3.1336,3.8564,0.2059
30,-3.7732,-3.2882,0.0042,0.9958
30,3.6239,-1.8820,0.0903,0.9172
30,3.0434,1.9736,0.0594,0.9439
30,3.0029,1.9924,0.0008,0.9992
30,2.9946,1.9995,0.0011,0.9989
30,-3.2600,-3.2810,13.6040,0.0685
30,3.5629,-1.7215,0.2249,0.8164
30,-0.3279,-0.2171,176.4317,0.0056
30,3.1447,1.9646,0.7291,0.5783
30,2.9770,2.2156,0.7906,0.5585
30,-2.9787,3.1239,1.0412,0.4899
30,3.0904,1.9334,0.2638,0.7913
31,-2.7719,3.0374,0.3764,0.7266
31,-2.7306,3.1169,0.1827,0.8455
31,-3.7812,-3.2808,0.0006,0.9994
31,3.5080,-1.7643,0.3536,0.7388
31,-3.8501,-3.2007,0.7541,0.5701
31,3.2691,-2.6230,18.5401,0.0512
31,3.5836,-1.8478,0.0000,1.0000
31,3.0043,1.9902,0.0015,0.9985
31,2.9951,2.0325,0.0159,0.9843
31,-2.7789,3.0886,0.0929,0.9150
31,3.6913,-1.8461,0.6173,0.6183
31,3.5830,-1.8245,0.0079,0.9921
31,-3.9659,-3.3892,2.0640,0.3264
31,-3.7732,-3.2882,0.0042,0.9958
31,3.6239,-1.8820,0.0903,0.9172
31,3.0434,1.9736,0.0594,0.9439
31,3.0029,1.9924,0.0008,0.9992
31,2.9946,1.9995,0.0011,0.9989
31,-3.2686,-3.2810,13.1889,0.0705
31,3.5629,-1.7215,0.2249,0.8164
31,-0.3279,-0.2171,176.4317,0.0056
31,3.1447,1.9646,0.7291,0.5783
31,2.9770,2.0145,0.0164,0.9839
31,-2.9787,3.1239,1.0412,0.4899
31,3.0759,1.9334,0.1902,0.8402
32,-2.7719,3.0374,0.3764,0.7266
32,-2.7306,3.1169,0.1827,0.8455
32,-3.7812,-3.2808,0.0006,0.9994
32,3.5080,-1.8299,0.2947,0.7724
32,-3.8501,-3.2007,0.7541,0.5701
32,3.2691,-2.2862,8.9933,0.1001
32,3.5836,-1.8478,0.0000,1.0000
32,3.0043,1.9902,0.0015,0.9985
32,2.9951,1.9904,0.0034,0.9966
32,-2.7789,3.0886,0.0929,0.9150
32,3.6913,-1.8461,0.6173,0.6183
32,3.5830,-1.8245,0.0079,0.9921
32,-3.9659,-3.3892,2.0640,0.3264
32,-3.7747,-3.2882,0.0030,0.9970
32,3.6239,-1.8820,0.0903,0.9172
32,3.0434,1.9736,0.0594,0.9439
32,3.0029,1.9935,0.0006,0.9994
32,2.9946,1.9995,0.0011,0.9989
32,-3.2686,-3.2810,13.1889,0.0705
32,3.5629,-1.7215,0.2249,0.8164
32,-1.7514,-0.2171,142.1808,0.0070
32,3.1447,1.9538,0.7120,0.5841
32,2.9770,2.0145,0.0164,0.9839
32,-2.9787,3.1239,1.0412,0.4899
32,3.0664,1.9334,0.1513,0.8686
33,-2.7719,3.0374,0.3764,0.7266
33,-2.7306,3.1169,0.1827,0.8455
33,-3.7812,-3.2808,0.0006,0.9994
33,3.5080,-1.8299,0.2947,0.7724
33,-3.8501,-3.2344,0.4978,0.6677
33,3.2691,-2.0185,5.5544,0.1526
33,3.5836,-1.8478,0.0000,1.0000
33,3.0043,1.9902,0.0015,0.9985
33,-1.9654,2.3523,34.6741,0.0280
33,-2.7789,3.0886,0.0929,0.9150
33,3.6913,-1.8461,0.6173,0.6183
33,3.5830,-1.8245,0.0079,0.9921
33,-3.9659,-3.3892,2.0640,0.3264
33,-3.7747,-3.2882,0.0030,0.9970
33,3.6239,-1.8820,0.0903,0.9172
33,3.0434,1.9736,0.0594,0.9439
33,3.0029,1.9935,0.0006,0.9994
33,3.0004,1.9995,0.0000,1.0000
33,-3.2686,-3.0733,12.1687,0.0759
33,3.5629,-1.7215,0.2249,0.8164
33,-1.7514,1.1517,101.1120,0.0098
33,3.1447,1.9538,0.7120,0.5841
33,2.9770,2.0145,0.0164,0.9839
33,-2.9787,3.1239,1.0412,0.4899
33,3.0664,1.9334,0.1513,0.8686
34,-2.7719,3.0374,0.3764,0.7266
34,-2.7306,3.1169,0.1827,0.8455
34,-3.7812,-3.2808,0.0006,0.9994
34,3.5080,-1.8299,0.2947,0.7724
34,-3.8501,-3.2344,0.4978,0.6677
34,3.2691,-2.0185,5.5544,0.1526
34,3.5836,-1.8478,0.0000,1.0000
34,3.0043,1.9902,0.0015,0.9985
34,2.5235,2.3523,6.3127,0.1367
34,-2.7789,3.0886,0.0929,0.9150
34,3.5975,-1.8461,0.0093,0.9908
34,3.5830,-1.8245,0.0079,0.9921
34,-3.9659,-3.3892,2.0640,0.3264
34,-3.7747,-3.2882,0.0030,0.9970
34,3.6239,-1.8820,0.0903,0.9172
34,3.0377,1.9736,0.0449,0.9570
34,3.0029,1.9935,0.0006,0.9994
34,3.0004,1.9995,0.0000,1.0000
34,-3.2686,-3.0733,12.1687,0.0759
34,3.5629,-1.7284,0.2035,0.8309
34,1.8367,1.1517,56.6474,0.0173
34,3.1447,1.9538,0.7120,0.5841
34,2.9770,2.0145,0.0164,0.9839
34,-2.9787,3.1239,1.0412,0.4899
34,3.0664,1.9334,0.1513,0.8686
35,-2.7719,3.0374,0.3764,0.7266
35,-2.7306,3.1169,0.1827,0.8455
35,-3.7812,-3.2808,0.0006,0.9994
35,3.5080,-1.8299,0.2947,0.7724
35,-3.8501,-3.2344,0.4978,0.6677
35,3.2691,-2.0185,5.5544,0.1526
35,3.5836,-1.8478,0.0000,1.0000
35,3.0043,1.9902,0.0015,0.9985
35,2.7961,2.3523,2.4549,0.2894
35,-2.7789,3.0886,0.0929,0.9150
35,-3.0339,-2.4127,35.4547,0.0274
35,3.5830,-1.8245,0.0079,0.9921
35,-3.9659,-3.3038,2.0311,0.3299
35,-3.7747,-3.2882,0.0030,0.9970
35,3.6239,-1.8820,0.0903,0.9172
35,3.0377,1.9736,0.0449,0.9570
35,3.0029,1.9935,0.0006,0.9994
35,3.0004,1.9995,0.0000,1.0000
35,-3.2686,-3.0733,12.1687,0.0759
35,3.5813,-1.7284,0.1955,0.8365
35,2.3051,1.1517,31.9117,0.0304
35,3.0450,1.9538,0.0700,0.9346
35,2.9770,2.0145,0.0164,0.9839
35,-2.9787,3.1239,1.0412,0.4899
35,3.0664,1.9334,0.1513,0.8686
36,-2.7719,3.0374,0.3764,0.7266
36,-2.7306,3.1169,0.1827,0.8455
36,-3.7812,-3.2808,0.0006,0.9994
36,3.5080,-1.8299,0.2947,0.7724
36,-3.8501,-3.2344,0.4978,0.6677
36,3.3280,-2.0185,3.9357,0.2026
36,3.5836,-1.8478,0.0000,1.0000
36,3.0043,1.9902,0.0015,0.9985
36,2.7961,2.1829,1.3123,0.4325
36,-2.7789,3.0886,0.0929,0.9150
36,-3.0339,-2.4127,35.4547,0.0274
36,3.5830,-1.8245,0.0079,0.9921
36,-3.9659,-3.3038,2.0311,0.3299
36,-3.7747,-3.2882,0.0030,0.9970
36,3.6239,-1.8820,0.0903,0.9172
36,3.0377,1.9736,0.0449,0.9570
36,3.0029,1.9935,0.0006,0.9994
36,3.0004,1.9995,0.0000,1.0000
36,-3.2686,-3.0733,12.1687,0.0759
36,3.5794,-1.7284,0.1947,0.8370
36,2.3051,1.1517,31.9117,0.0304
36,3.0402,1.9538,0.0590,0.9443
36,0.0315,-2.0516,177.9328,0.0056
36,-2.9787,3.1239,1.0412,0.4899
36,3.0027,1.9334,0.0698,0.9347
37,-2.7719,3.0374,0.3764,0.7266
37,-2.7306,3.1169,0.1827,0.8455
37,-3.7812,-3.2808,0.0006,0.9994
37,3.5080,-1.8299,0.2947,0.7724
37,-3.8122,-3.2344,0.2120,0.8251
37,3.3280,-2.0185,3.9357,0.2026
37,3.5836,-1.8478,0.0000,1.0000
37,3.0043,1.9902,0.0015,0.9985
37,2.9757,2.1829,0.5501,0.6451
37,-2.7789,3.0886,0.0929,0.9150
37,-3.0339,-2.4127,35.4547,0.0274
37,3.5830,-1.8245,0.0079,0.9921
37,-3.9659,-3.3038,2.0311,0.3299
37,-3.7747,-3.2882,0.0030,0.9970
37,3.6239,-1.8713,0.0840,0.9225
37,3.0073,1.9736,0.0098,0.9903
37,3.0029,1.9935,0.0006,0.9994
37,3.0004,1.9995,0.0000,1.0000
37,-3.2730,-3.0733,11.9807,0.0770
37,-1.5914,0.9579,115.2838,0.0086
37,2.3051,2.9901,25.2960,0.0380
37,3.0402,1.9538,0.0590,0.9443
37,0.0315,-2.0516,177.9328,0.0056
37,-2.9787,3.1277,1.0389,0.4905
37,3.0027,1.9334,0.0698,0.9347
38,-2.7719,3.1119,0.0497,0.9527
38,-2.8283,3.1169,0.0263,0.9743
38,-3.7812,-3.2808,0.0006,0.9994
38,1.5713,3.0493,45.0246,0.0217
38,-3.8122,-3.2344,0.2120,0.8251
38,3.3280,-2.0185,3.9357,0.2026
38,3.5837,-1.8478,0.0000,1.0000
38,3.0043,2.0022,0.0009,0.9991
38,2.9757,2.1829,0.5501,0.6451
38,-2.7789,3.0886,0.0929,0.9150
38,-3.0339,-2.4127,35.4547,0.0274
38,3.5830,-1.8245,0.0079,0.9921
38,-3.9659,-3.3038,2.0311,0.3299
38,-3.7747,-3.2882,0.0030,0.9970
38,3.6239,-1.8713,0.0840,0.9225
38,3.0073,1.9886,0.0025,0.9975
38,3.0029,1.9935,0.0006,0.9994
38,3.0004,1.9995,0.0000,1.0000
38,-3.2730,-3.0733,11.9807,0.0770
38,-1.5914,0.9579,115.2838,0.0086
38,2.3051,2.9901,25.2960,0.0380
38,3.0402,1.9538,0.0590,0.9443
38,0.0315,-2.0516,177.9328,0.0056
38,-2.9787,3.1277,1.0389,0.4905
38,3.0027,1.9482,0.0419,0.9598
39,-2.7719,3.1119,0.0497,0.9527
39,-2.8283,3.1169,0.0263,0.9743
39,-3.7812,-3.2808,0.0006,0.9994
39,1.5713,3.0493,45.0246,0.0217
39,-2.3086,4.5205,125.1264,0.0079
39,3.5008,-2.0185,0.9130,0.5227
39,3.5837,-1.8478,0.0000,1.0000
39,2.9981,2.0022,0.0001,0.9999
39,2.9757,2.1829,0.5501,0.6451
39,-2.7789,3.1084,0.0422,0.9595
39,-3.0339,-2.4127,35.4547,0.0274
39,3.5830,-1.8245,0.0079,0.9921
39,-3.9659,-3.3038,2.0311,0.3299
39,-3.7747,-3.2882,0.0030,0.9970
39,3.6239,-1.8596,0.0812,0.9249
39,3.0066,1.9886,0.0023,0.9977
39,3.0029,1.9935,0.0006,0.9994
39,3.0004,1.9995,0.0000,1.0000
39,-3.2730,-3.0733,11.9807,0.0770
39,-1.5914,3.5763,41.5539,0.0235
39,2.3051,2.9901,25.2960,0.0380
39,3.0402,1.9538,0.0590,0.9443
39,-1.6267,-2.0516,127.7871,0.0078
39,-2.9787,3.1277,1.0389,0.4905
39,3.0027,1.9482,0.0419,0.9598
40,-2.7719,3.1119,0.0497,0.9527
40,-2.8283,3.1169,0.0263,0.9743
40,-3.7812,-3.2808,0.0006,0.9994
40,1.5713,3.0493,45.0246,0.0217
40,-2.3086,4.5205,125.1264,0.0079
40,3.5008,-2.0185,0.9130,0.5227
40,3.5837,-1.8478,0.0000,1.0000
40,2.9981,2.0022,0.0001,0.9999
40,2.9757,2.1829,0.5501,0.6451
40,-2.7789,3.1084,0.0422,0.9595
40,-3.3526,-2.4127,25.2568,0.0381
40,-2.0197,0.4408,119.8762,0.0083
40,-3.9659,-3.3038,2.0311,0.3299
40,-3.7747,-3.2850,0.0016,0.9984
40,3.6239,-1.8596,0.0812,0.9249
40,3.0066,1.9893,0.0021,0.9979
40,3.0014,1.9935,0.0006,0.9994
40,3.0004,1.9995,0.0000,1.0000
40,-3.2730,-3.0733,11.9807,0.0770
40,-1.5914,3.5763,41.5539,0.0235
40,2.3051,2.9901,25.2960,0.0380
40,3.0402,1.9538,0.0590,0.9443
40,-1.9734,-2.0516,106.5526,0.0093
40,-2.8627,3.1277,0.1108,0.9003
40,3.0029,1.9482,0.0418,0.9599
41,-2.7719,3.1119,0.0497,0.9527
41,-2.8283,3.1169,0.0263,0.9743
41,-3.7812,-3.2808,0.0006,0.9994
41,1.5713,3.0493,45.0246,0.0217
41,-2.3441,4.5205,123.9842,0.0080
41,3.5008,-2.0185,0.9130,0.5227
41,3.5837,-1.8478,0.0000,1.0000
41,2.9981,2.0022,0.0001,0.9999
41,2.9646,2.1829,0.5332,0.6522
41,-2.7789,3.1084,0.0422,0.9595
41,-3.3526,-2.4127,25.2568,0.0381
41,-2.0197,2.1378,42.6742,0.0229
41,-3.9659,-3.3038,2.0311,0.3299
41,-3.7747,-3.2850,0.0016,0.9984
41,-1.6346,2.2550,49.4802,0.0198
41,3.0066,1.9893,0.0021,0.9979
41,3.0014,1.9935,0.0006,0.9994
41,3.0004,1.9995,0.0000,1.0000
41,-3.2730,-3.0733,11.9807,0.0770
41,-2.0844,3.5763,23.2121,0.0413
41,2.3051,1.7753,17.6779,0.0535
41,3.0402,1.9538,0.0590,0.9443
41,-1.9734,-2.0516,106.5526,0.0093
41,-2.8627,3.1277,0.1108,0.9003
41,3.0029,1.9482,0.0418,0.9599
42,-2.7719,3.1119,0.0497,0.9527
42,-2.8283,3.1169,0.0263,0.9743
42,-3.7812,-3.2808,0.0006,0.9994
42,1.5713,3.0493,45.0246,0.0217
42,-2.3441,3.7428,24.8636,0.0387
42,3.5008,-2.0185,0.9130,0.5227
42,3.5837,-1.8478,0.0000,1.0000
42,2.9981,2.0022,0.0001,0.9999
42,2.9646,2.1829,0.5332,0.6522
42,-2.7789,3.1133,0.0343,0.9668
42,-3.3526,-2.4127,25.2568,0.0381
42,-2.0197,2.9589,15.7660,0.0596
42,-3.9659,-3.3038,2.0311,0.3299
42,-3.7747,-3.2850,0.0016,0.9984
42,-1.6346,2.2550,49.4802,0.0198
42,0.3580,0.7793,138.2755,0.0072
42,3.0014,1.9935,0.0006,0.9994
42,3.0004,1.9995,0.0000,1.0000
42,-3.2730,-3.0733,11.9807,0.0770
42,-2.0844,3.5763,23.2121,0.0413
42,2.3051,1.7753,17.6779,0.0535
42,3.0402,1.9538,0.0590,0.9443
42,-1.9734,-2.0516,106.5526,0.0093
42,-2.8627,3.1277,0.1108,0.9003
42,3.0029,1.9482,0.0418,0.9599
43,-2.7929,3.1119,0.0196,0.9808
43,-2.8283,3.1169,0.0263,0.9743
43,-3.7812,-3.2808,0.0006,0.9994
43,1.5713,3.0493,45.0246,0.0217
43,-2.3441,3.7428,24.8636,0.0387
43,3.5008,-2.0185,0.9130,0.5227
43,3.5837,-1.8478,0.0000,1.0000
43,2.9981,2.0022,0.0001,0.9999
43,2.9646,2.1829,0.5332,0.6522
43,-2.7789,3.1133,0.0343,0.9668
43,-3.3526,-2.4127,25.2568,0.0381
43,-2.0197,2.9589,15.7660,0.0596
43,-3.9659,-3.3038,2.0311,0.3299
43,-3.7747,-3.2850,0.0016,0.9984
43,-1.6346,2.3697,44.6164,0.0219
43,0.3580,0.7793,138.2755,0.0072
43,3.0014,1.9935,0.0006,0.9994
43,3.0004,1.9995,0.0000,1.0000
43,-3.7830,-3.0733,1.8474,0.3512
43,-2.0844,3.5763,23.2121,0.0413
43,2.3051,1.8694,16.0099,0.0588
43,2.9901,1.9538,0.0483,0.9539
43,-1.9734,-2.5166,99.5574,0.0099
43,-2.8627,3.1277,0.1108,0.9003
43,-3.2049,1.5217,62.8681,0.0157
44,-2.7929,3.1125,0.0186,0.9817
44,-2.8283,3.1169,0.0263,0.9743
44,-3.7812,-3.2808,0.0006,0.9994
44,1.5713,3.0493,45.0246,0.0217
44,-2.7135,3.7428,18.4598,0.0514
44,3.5008,-2.0185,0.9130,0.5227
44,3.5837,-1.8478,0.0000,1.0000
44,2.9981,2.0022,0.0001,0.9999
44,2.9646,2.1829,0.5332,0.6522
44,-2.7789,3.1133,0.0343,0.9668
44,-3.3526,-2.4127,25.2568,0.0381
44,-2.0197,2.9589,15.7660,0.0596
44,-3.9659,-3.3038,2.0311,0.3299
44,-3.7747,-3.2850,0.0016,0.9984
44,-1.6346,2.3697,44.6164,0.0219
44,0.3580,0.7793,138.2755,0.0072
44,3.0014,1.9963,0.0002,0.9998
44,3.0004,1.9995,0.0000,1.0000
44,-3.7830,-3.0733,1.8474,0.3512
44,-2.0844,3.5763,23.2121,0.0413
44,2.3051,1.8694,16.0099,0.0588
44,2.9901,2.0138,0.0042,0.9959
44,-1.9734,-2.5166,99.5574,0.0099
44,-0.3350,-0.6945,181.1081,0.0055
44,-3.2049,-1.7672,56.3833,0.0174
45,-2.7929,3.1145,0.0159,0.9844
45,-2.8283,3.1169,0.0263,0.9743
45,-3.7812,-3.2808,0.0006,0.9994
45,1.8240,3.0493,38.3738,0.0254
45,-2.7135,3.7428,18.4598,0.0514
45,3.5008,-2.0185,0.9130,0.5227
45,3.5837,-1.8478,0.0000,1.0000
45,2.9986,2.0022,0.0001,0.9999
45,2.9646,2.1829,0.5332,0.6522
45,-2.7904,3.1133,0.0195,0.9808
45,-3.3526,-2.4127,25.2568,0.0381
45,-2.8832,2.9589,1.3473,0.4260
45,-3.9659,-3.3038,2.0311,0.3299
45,-3.7747,-3.2850,0.0016,0.9984
45,-2.6544,2.3697,18.8233,0.0504
45,-2.6632,0.7793,91.7932,0.0108
45,3.0014,1.9963,0.0002,0.9998
45,3.0004,1.9997,0.0000,1.0000
45,-3.7830,-3.0733,1.8474,0.3512
45,-2.9731,3.5763,9.9394,0.0914
45,2.3051,1.8694,16.0099,0.0588
45,-1.7330,4.8709,234.5645,0.0042
45,-1.9734,-2.5166,99.5574,0.0099
45,-3.1914,-0.6945,96.5449,0.0103
45,-3.2049,-1.7672,56.3833,0.0174
46,-2.7929,3.1145,0.0159,0.9844
46,-2.8283,3.1169,0.0263,0.9743
46,-3.7812,-3.2808,0.0006,0.9994
46,1.8240,3.0493,38.3738,0.0254
46,-2.7135,3.7428,18.4598,0.0514
46,3.5008,-2.0185,0.9130,0.5227
46,3.5837,-1.8478,0.0000,1.0000
46,2.9986,2.0022,0.0001,0.9999
46,2.9646,2.1829,0.5332,0.6522
46,-2.7904,3.1133,0.0195,0.9808
46,-3.3526,-2.4127,25.2568,0.0381
46,-2.8832,2.9589,1.3473,0.4260
46,1.1643,0.8522,103.4095,0.0096
46,-3.7747,-3.2850,0.0016,0.9984
46,-2.6544,2.3697,18.8233,0.0504
46,-2.6632,3.1030,0.6485,0.6066
46,3.0014,1.9963,0.0002,0.9998
46,3.0004,1.9997,0.0000,1.0000
46,-3.7830,-3.0733,1.8474,0.3512
46,-2.9731,2.9949,1.7035,0.3699
46,2.3051,1.8694,16.0099,0.0588
46,-1.7330,4.8709,234.5645,0.0042
46,-1.9734,-2.5166,99.5574,0.0099
46,-3.1914,-0.6945,96.5449,0.0103
46,-3.2049,-1.7672,56.3833,0.0174
47,-2.7929,3.1145,0.0159,0.9844
47,-2.8283,3.1169,0.0263,0.9743
47,-3.7812,-3.2808,0.0006,0.9994
47,1.8240,3.0493,38.3738,0.0254
47,-2.7135,3.7428,18.4598,0.0514
47,3.5008,-2.0185,0.9130,0.5227
47,3.5837,-1.8478,0.0000,1.0000
47,2.9986,2.0022,0.0001,0.9999
47,2.9646,2.1829,0.5332,0.6522
47,-2.8164,3.1156,0.0143,0.9859
47,-3.3526,-3.4749,13.4333,0.0693
47,-2.8832,2.9589,1.3473,0.4260
47,2.7091,0.8522,20.5933,0.0463
47,-2.5516,-0.0768,111.9696,0.0089
47,-2.6544,2.3697,18.8233,0.0504
47,-2.6632,3.1030,0.6485,0.6066
47,3.0014,1.9963,0.0002,0.9998
47,3.0004,1.9997,0.0000,1.0000
47,-3.7830,-3.3772,0.3921,0.7184
47,-2.9731,2.9949,1.7035,0.3699
47,2.3051,1.8694,16.0099,0.0588
47,-1.7330,4.8709,234.5645,0.0042
47,-2.6511,-2.5166,53.1038,0.0185
47,-3.1914,-0.6945,96.5449,0.0103
47,-3.3441,-1.7672,54.6547,0.0180
48,-2.7929,3.1145,0.0159,0.9844
48,-2.8283,3.1169,0.0263,0.9743
48,-3.7812,-3.2808,0.0006,0.9994
48,1.8240,1.8371,37.3031,0.0261
48,-2.7135,3.7428,18.4598,0.0514
48,3.5379,-2.0185,0.6266,0.6148
48,3.5837,-1.8478,0.0000,1.0000
48,2.9986,2.0022,0.0001,0.9999
48,2.9646,2.1829,0.5332,0.6522
48,-2.8132,3.1156,0.0122,0.9879
48,-3.3526,-3.4749,13.4333,0.0693
48,-2.7408,2.9589,1.2522,0.4440
48,2.7578,0.8522,18.8253,0.0504
48,-2.6998,-0.0768,108.3205,0.0091
48,-2.6868,2.3697,18.5680,0.0511
48,-2.6632,3.1030,0.6485,0.6066
48,3.0014,1.9963,0.0002,0.9998
48,3.0004,1.9997,0.0000,1.0000
48,-3.7830,-3.3772,0.3921,0.7184
48,-2.9731,2.9949,1.7035,0.3699
48,2.3051,1.8694,16.0099,0.0588
48,-1.7330,1.6416,76.8481,0.0128
48,-2.7110,-2.5166,49.4440,0.0198
48,-3.1914,1.7319,52.5654,0.0187
48,-3.3441,-1.7672,54.6547,0.0180
49,-2.7929,3.1147,0.0156,0.9847
49,-2.8283,3.1169,0.0263,0.9743
49,-3.7812,-3.2808,0.0006,0.9994
49,1.8240,1.8371,37.3031,0.0261
49,-2.7135,3.7428,18.4598,0.0514
49,3.5642,-2.0185,0.5067,0.6637
49,3.5837,-1.8478,0.0000,1.0000
49,2.9986,2.0022,0.0001,0.9999
49,2.9646,2.1554,0.3755,0.7270
49,-2.8132,3.1156,0.0122,0.9879
49,-3.3526,-3.4749,13.4333,0.0693
49,-2.7408,2.9589,1.2522,0.4440
49,2.7578,1.0605,15.1670,0.0619
49,-2.7065,-0.0768,108.1773,0.0092
49,-2.7413,2.3697,18.2671,0.0519
49,-2.6632,3.1030,0.6485,0.6066
49,3.0014,1.9963,0.0002,0.9998
49,3.0004,1.9997,0.0000,1.0000
49,-3.7830,-3.3772,0.3921,0.7184
49,-2.9731,2.9949,1.7035,0.3699
49,2.3051,1.8694,16.0099,0.0588
49,-1.7330,1.6416,76.8481,0.0128
49,-2.7110,-2.5166,49.4440,0.0198
49,-3.1914,1.7947,49.5492,0.0198
49,-3.3441,-1.7672,54.6547,0.0180
50,-2.7929,3.1147,0.0156,0.9847
50,-2.8283,3.1169,0.0263,0.9743
50,-3.7812,-3.2808,0.0006,0.9994
50,1.8240,1.8371,37.3031,0.0261
50,-2.7135,3.2650,1.0349,0.4914
50,0.4182,1.5953,101.4861,0.0098
50,3.5837,-1.8478,0.0000,1.0000
50,2.9986,2.0022,0.0001,0.9999
50,2.9646,2.1554,0.3755,0.7270
50,-2.7993,3.1156,0.0109,0.9892
50,-3.3526,-3.4749,13.4333,0.0693
50,-2.7408,2.9589,1.2522,0.4440
50,2.7578,1.0605,15.1670,0.0619
50,-2.7065,0.9220,86.0142,0.0115
50,-2.7573,2.3697,18.2110,0.0521
50,-2.6632,3.1114,0.6341,0.6119
50,3.0014,1.9963,0.0002,0.9998
50,3.0004,1.9997,0.0000,1.0000
50,-3.7830,-3.3772,0.3921,0.7184
50,-2.9731,2.9949,1.7035,0.3699
50,2.3051,1.9329,15.0081,0.0625
50,-1.7330,1.6416,76.8481,0.0128
50,-2.7110,-2.5166,49.4440,0.0198
50,-3.1914,3.4595,10.1523,0.0897
50,-3.3441,-1.7672,54.6547,0.0180
