1,0,3,4,3,4,2,3,2,1,0,2,18 
1,0,4,3,3,4,4,4,0,1,1,1,26 
1,0,2,3,2,0,5,2,2,1,1,1,22 
1,1,3,3,3,2,0,4,3,1,0,1,32 
1,0,3,5,3,0,2,4,1,2,1,2,34 
1,1,1,3,1,0,4,1,1,1,1,0,26 
1,1,3,5,0,2,5,0,1,0,0,2,16 
1,0,2,5,3,1,5,2,0,1,2,1,20 
1,2,2,1,0,3,0,2,0,2,0,1,32 
1,1,4,1,1,2,4,2,1,2,0,0,28 
1,0,3,4,0,2,4,0,1,0,1,1,16 
1,0,2,1,3,1,5,0,2,2,2,1,24 
1,2,1,1,0,0,4,1,2,2,2,1,24 
1,2,1,3,3,2,1,1,2,0,1,1,12 
1,1,3,4,2,2,0,2,2,0,0,0,24 
1,1,0,4,2,0,2,0,1,1,0,0,52 
1,1,1,2,2,3,5,2,0,0,2,2,10 
1,1,0,4,1,2,5,4,1,2,1,2,36 
1,1,3,4,2,1,3,2,2,2,0,2,24 
1,1,1,2,3,2,2,4,1,1,0,2,14 
2,0,3,4,3,4,2,3,1,1,0,2,14 
2,0,4,3,3,4,4,4,0,1,1,1,26 
2,0,2,3,2,0,5,2,2,1,1,1,22 
2,1,3,3,3,2,0,4,3,1,0,1,32 
2,0,3,5,3,0,2,4,1,2,1,2,34 
2,1,1,3,1,0,4,1,1,1,1,0,26 
2,1,3,5,0,2,5,0,1,0,0,2,16 
2,0,2,5,3,1,2,2,0,1,2,1,14 
2,2,2,1,0,3,0,2,0,2,0,1,32 
2,1,4,2,1,2,4,2,1,2,0,0,22 
2,0,3,4,0,2,4,0,1,0,1,1,16 
2,0,2,1,3,1,5,0,2,2,2,1,24 
2,2,1,1,0,0,4,1,2,2,2,1,24 
2,2,1,3,3,2,1,1,2,0,2,1,10 
2,1,2,4,3,2,0,2,2,0,0,0,20 
2,1,1,4,2,0,2,0,1,1,0,0,44 
2,1,1,2,2,3,5,2,0,0,2,2,10 
2,1,0,4,1,2,5,4,1,2,1,2,36 
2,1,3,4,2,1,3,2,2,2,0,2,24 
2,1,1,2,3,2,2,4,1,1,0,2,14 
3,0,3,4,3,4,2,3,1,1,0,2,14 
3,0,4,3,3,4,4,4,0,1,1,1,26 
3,0,2,3,2,0,5,2,2,1,1,1,22 
3,1,3,3,3,2,0,4,3,1,0,1,32 
3,0,3,5,3,0,2,4,1,2,1,2,34 
3,1,1,3,1,1,4,1,1,1,1,0,18 
3,1,3,5,0,2,5,0,1,0,0,2,16 
3,0,2,5,3,1,2,2,0,1,2,1,14 
3,2,2,1,0,3,0,2,0,2,0,1,32 
3,1,4,2,1,2,4,2,1,2,1,0,20 
3,0,3,4,0,2,4,0,1,0,1,1,16 
3,0,2,1,3,1,5,0,2,2,2,1,24 
3,2,1,1,0,0,4,1,2,2,2,1,24 
3,2,1,3,3,2,1,1,2,0,2,1,10 
3,1,2,4,3,2,0,2,2,0,0,0,20 
3,1,1,4,2,0,2,0,1,1,0,0,44 
3,2,1,2,2,3,5,2,0,0,2,2,8 
3,1,0,4,1,2,5,4,1,2,1,2,36 
3,1,3,4,2,1,3,2,2,2,0,2,24 
3,1,1,2,3,2,2,4,1,1,0,2,14 
4,0,3,4,3,2,2,3,1,1,0,2,12 
4,0,3,3,3,4,4,4,0,1,1,1,22 
4,0,2,3,2,0,5,2,2,1,1,1,22 
4,1,3,3,3,2,0,4,3,1,0,1,32 
4,0,3,5,3,0,2,4,1,2,1,2,34 
4,1,1,3,1,1,4,1,1,1,1,0,18 
4,1,3,5,0,2,5,0,1,0,0,2,16 
4,0,2,5,3,1,2,2,0,1,2,1,14 
4,2,2,1,0,3,0,2,0,2,0,1,32 
4,1,4,2,1,2,4,2,1,2,1,0,20 
4,0,3,4,0,2,4,2,1,0,1,1,14 
4,0,2,1,3,1,5,0,2,2,2,1,24 
4,2,1,1,0,0,4,1,2,2,2,1,24 
4,2,1,3,3,2,1,1,2,0,2,1,10 
4,1,2,4,3,2,0,2,2,0,0,0,20 
4,1,1,4,2,0,2,0,1,1,0,1,36 
4,2,1,2,2,3,5,2,0,0,2,2,8 
4,1,0,4,1,2,5,4,1,2,1,2,36 
4,1,3,4,2,1,3,2,2,2,0,2,24 
4,2,1,2,3,2,2,4,1,1,0,2,12 
5,0,3,4,3,2,2,3,1,1,0,2,12 
5,0,3,3,3,4,4,2,0,1,1,1,8 
5,0,2,3,2,0,5,2,2,1,1,1,22 
5,1,3,3,3,2,0,4,3,1,0,1,32 
5,0,3,5,3,0,2,4,1,2,1,2,34 
5,1,1,3,1,1,4,1,1,1,1,0,18 
5,1,3,4,0,2,5,0,1,0,0,2,14 
5,0,2,5,3,1,2,2,0,1,2,1,14 
5,2,2,1,0,3,1,2,0,2,0,1,26 
5,1,4,2,1,2,4,2,1,2,1,1,18 
5,0,3,4,0,2,4,2,1,0,1,1,14 
5,0,2,1,3,1,5,0,2,1,2,1,20 
5,2,1,1,0,0,4,1,2,2,2,1,24 
5,2,1,3,3,2,1,1,2,0,2,1,10 
5,1,2,4,3,2,0,2,2,0,0,0,20 
5,1,2,4,2,0,2,0,1,1,0,1,32 
5,2,1,2,2,3,5,2,0,0,2,2,8 
5,1,0,4,1,2,5,4,1,2,1,2,36 
5,1,2,4,2,1,3,2,2,2,0,2,22 
5,2,1,2,3,2,2,4,1,1,0,2,12 
6,0,3,4,3,2,2,3,1,1,0,2,12 
6,0,3,3,3,4,4,2,0,1,1,1,8 
6,0,2,3,2,0,5,2,2,1,1,1,22 
6,1,3,3,3,2,0,4,3,1,0,1,32 
6,0,3,5,3,0,2,4,1,2,1,2,34 
6,1,1,3,1,1,4,1,1,1,1,1,12 
6,1,3,4,1,2,5,0,1,0,0,2,12 
6,0,2,5,3,1,2,2,0,1,2,1,14 
6,2,2,1,0,4,1,2,0,2,0,1,24 
6,1,4,2,1,2,4,2,1,2,1,1,18 
6,0,3,4,0,2,4,2,1,0,1,1,14 
6,0,2,1,3,1,5,0,2,1,2,1,20 
6,2,1,1,0,0,4,1,2,2,2,1,24 
6,2,1,3,3,2,1,1,2,0,2,1,10 
6,1,2,4,3,2,0,2,2,0,0,0,20 
6,1,2,4,2,0,2,0,1,1,0,1,32 
6,2,1,2,2,3,5,2,0,0,2,2,8 
6,1,0,4,1,2,5,4,1,2,1,2,36 
6,1,2,4,2,1,3,2,2,2,0,2,22 
6,2,1,2,3,2,2,4,1,1,0,2,12 
7,0,3,4,3,2,2,3,1,1,0,2,12 
7,0,3,3,3,4,4,2,0,1,1,1,8 
7,0,3,3,2,0,5,2,2,1,1,1,20 
7,1,3,3,3,2,0,4,3,1,0,1,32 
7,0,3,5,3,0,2,4,1,2,1,2,34 
7,1,1,3,1,2,4,1,1,1,1,1,8 
7,1,3,4,1,2,5,0,1,0,0,2,12 
7,0,2,5,3,1,2,2,0,1,2,1,14 
7,2,2,4,0,4,1,2,0,2,0,1,20 
7,1,4,3,1,2,4,2,1,2,1,1,16 
7,0,3,4,0,2,4,2,1,0,1,1,14 
7,0,2,3,3,1,5,0,2,1,2,1,18 
7,2,1,1,0,0,4,1,2,2,2,1,24 
7,2,1,3,3,2,1,1,2,0,2,1,10 
7,1,2,4,3,2,0,2,2,0,0,0,20 
7,1,2,4,2,0,2,0,1,1,0,1,32 
7,2,1,2,2,3,3,2,0,0,2,2,4 
7,1,0,4,1,2,5,4,1,2,1,2,36 
7,1,2,4,2,1,3,2,2,2,0,2,22 
7,2,1,2,3,2,2,4,1,1,0,2,12 
8,0,3,4,3,2,2,3,1,1,0,2,12 
8,0,3,3,3,4,4,2,0,1,1,1,8 
8,0,3,3,2,0,5,2,2,1,1,1,20 
8,1,3,3,3,2,0,4,3,1,0,1,32 
8,0,3,5,3,0,2,4,1,2,1,2,34 
8,1,1,3,1,2,4,1,1,1,1,1,8 
8,1,3,4,1,2,5,0,1,0,0,2,12 
8,0,2,5,3,1,2,2,0,1,2,1,14 
8,2,2,4,0,4,1,2,0,2,0,1,20 
8,1,4,3,1,2,4,2,1,2,1,1,16 
8,0,3,4,0,2,4,2,1,0,1,1,14 
8,0,2,3,3,1,5,0,2,1,2,1,18 
8,2,1,1,0,0,4,1,2,2,2,1,24 
8,2,1,3,3,2,1,1,2,0,2,1,10 
8,1,2,4,3,2,0,2,2,0,0,0,20 
8,1,2,4,2,0,2,0,1,1,0,1,32 
8,2,1,2,2,3,3,2,0,0,2,2,4 
8,1,0,3,1,2,5,4,1,2,1,2,28 
8,1,2,4,2,1,3,2,2,2,0,2,22 
8,2,1,2,3,2,2,4,1,1,0,2,12 
9,0,3,4,3,2,2,3,1,1,0,2,12 
9,0,3,3,3,4,4,2,0,1,1,1,8 
9,0,3,3,2,0,5,2,2,1,1,1,20 
9,1,3,3,3,2,0,4,2,1,0,1,26 
9,0,3,5,3,0,2,4,1,2,1,2,34 
9,1,1,3,1,2,4,1,1,1,1,1,8 
9,1,3,4,1,2,5,0,1,0,0,2,12 
9,0,2,5,3,1,2,2,0,1,2,1,14 
9,2,2,4,0,4,4,2,0,2,0,1,16 
9,1,4,3,1,2,4,2,1,2,1,1,16 
9,0,3,4,0,2,4,2,1,0,1,1,14 
9,0,2,3,3,1,5,0,2,1,2,1,18 
9,2,1,1,0,0,4,1,2,2,2,1,24 
9,2,1,3,3,2,1,1,2,0,2,1,10 
9,1,2,4,3,2,0,2,2,0,0,0,20 
9,1,2,4,2,0,2,0,1,1,0,1,32 
9,2,1,2,2,3,3,2,0,0,2,2,4 
9,1,1,3,1,2,5,4,1,2,1,2,26 
9,1,2,4,2,1,3,2,2,2,0,2,22 
9,2,1,2,3,2,2,4,1,1,0,2,12 
10,0,3,4,3,2,2,3,1,1,0,2,12 
10,0,3,3,3,4,4,2,0,1,1,1,8 
10,0,3,3,2,0,5,2,2,1,1,1,20 
10,1,3,3,3,2,0,4,2,1,0,1,26 
10,0,3,5,3,0,2,4,1,2,1,2,34 
10,1,1,3,1,2,4,1,1,1,1,1,8 
10,1,3,4,1,2,5,0,1,0,0,2,12 
10,0,2,5,3,1,2,2,0,1,2,1,14 
10,2,2,4,0,4,4,2,0,2,0,1,16 
10,1,4,3,1,2,4,2,1,2,1,1,16 
10,0,3,4,0,2,4,2,1,0,1,1,14 
10,0,2,3,3,1,5,0,2,1,2,1,18 
10,2,1,1,0,0,4,1,1,2,2,1,22 
10,2,1,3,3,2,1,1,2,0,2,1,10 
10,1,2,4,3,2,0,2,2,0,0,0,20 
10,1,3,4,2,0,3,0,1,1,0,1,26 
10,2,1,2,2,3,3,2,0,0,2,2,4 
10,1,1,3,1,2,5,4,1,2,1,2,26 
10,1,2,4,2,1,3,2,1,2,0,2,18 
10,2,1,2,3,2,2,4,1,1,0,2,12 
11,0,3,4,3,2,2,3,1,1,0,2,12 
11,0,3,3,3,4,4,2,0,1,1,1,8 
11,0,3,3,2,0,5,2,2,1,1,1,20 
11,1,3,3,3,2,0,4,2,1,0,1,26 
11,0,3,5,3,0,2,4,1,2,1,2,34 
11,1,1,3,1,2,4,1,1,1,1,1,8 
11,1,3,4,1,2,5,0,1,0,0,2,12 
11,0,2,5,3,1,2,2,0,1,2,1,14 
11,2,2,4,0,4,4,2,0,2,0,1,16 
11,1,4,3,1,2,4,2,1,2,1,1,16 
11,0,3,4,2,2,4,2,1,0,1,1,8 
11,0,2,3,3,1,5,0,2,1,2,1,18 
11,2,1,1,0,0,4,1,1,2,2,1,22 
11,2,1,3,3,2,2,1,2,0,2,1,6 
11,1,2,4,3,2,0,2,2,0,0,0,20 
11,1,3,4,2,0,3,0,1,1,0,1,26 
11,2,1,2,2,3,3,2,0,0,2,2,4 
11,1,1,3,1,2,5,4,1,2,1,2,26 
11,1,2,4,2,1,3,2,1,2,0,2,18 
11,2,1,2,3,2,2,4,1,1,0,2,12 
12,0,3,4,3,2,2,3,1,1,0,2,12 
12,0,3,3,3,4,4,2,0,1,1,1,8 
12,0,3,3,2,0,5,2,2,1,1,1,20 
12,1,3,3,3,2,0,4,2,1,0,1,26 
12,0,3,3,3,0,2,4,1,2,1,2,28 
12,1,1,3,1,2,4,1,1,1,1,1,8 
12,1,3,4,1,2,5,0,1,0,0,2,12 
12,0,2,5,3,1,2,2,0,1,2,1,14 
12,2,2,4,0,4,4,2,0,2,0,1,16 
12,1,4,3,1,2,4,2,1,2,1,1,16 
12,0,3,4,2,2,4,2,1,0,1,1,8 
12,0,2,3,3,1,5,0,2,1,2,1,18 
12,2,1,1,0,0,4,1,1,2,2,1,22 
12,2,1,3,3,2,2,1,2,0,2,1,6 
12,1,2,4,3,2,0,2,2,0,0,0,20 
12,1,3,4,2,0,3,0,1,1,0,1,26 
12,2,1,2,2,3,3,2,0,0,2,2,4 
12,1,1,3,1,2,5,4,1,2,1,2,26 
12,1,2,4,2,1,3,2,1,2,0,2,18 
12,2,1,2,3,2,2,4,1,1,0,2,12 
13,0,3,4,3,2,2,3,1,1,0,2,12 
13,0,3,3,3,4,3,2,0,1,1,1,6 
13,0,3,3,2,0,5,2,2,1,1,1,20 
13,1,3,3,3,2,0,4,2,1,0,1,26 
13,0,3,3,3,0,2,4,1,2,1,2,28 
13,1,1,3,1,2,4,1,1,1,1,1,8 
13,1,3,4,1,2,5,0,1,0,0,2,12 
13,0,2,5,3,1,2,2,0,1,2,1,14 
13,2,2,4,0,4,4,2,0,2,0,1,16 
13,1,4,3,1,2,4,2,1,2,1,1,16 
13,0,3,4,2,2,4,2,1,0,1,1,8 
13,0,2,3,3,1,5,0,2,1,1,1,16 
13,2,1,1,0,0,4,1,1,2,2,1,22 
13,2,1,3,3,2,2,1,2,0,2,1,6 
13,1,2,4,3,2,2,2,2,0,0,0,10 
13,1,3,4,2,0,3,0,1,1,0,1,26 
13,2,1,2,2,3,3,2,0,0,2,1,2 
13,1,1,3,1,2,5,4,1,2,1,2,26 
13,1,2,4,2,1,3,2,1,2,0,2,18 
13,2,1,2,3,2,2,4,1,1,0,2,12 
14,0,3,4,3,2,2,3,1,1,0,2,12 
14,0,3,3,3,4,3,2,0,1,1,1,6 
14,0,3,3,2,0,5,2,2,1,1,1,20 
14,1,3,3,3,2,0,4,2,1,0,1,26 
14,0,3,3,3,0,2,4,1,2,1,2,28 
14,1,1,3,1,2,4,1,1,1,1,1,8 
14,1,3,4,1,2,5,0,1,0,0,2,12 
14,0,2,5,3,1,2,2,0,1,2,1,14 
14,2,2,4,0,4,4,2,0,2,0,1,16 
14,1,4,3,1,2,4,2,1,2,1,1,16 
14,0,3,4,2,2,4,2,1,0,1,1,8 
14,0,2,3,3,1,5,0,2,1,1,1,16 
14,2,1,1,0,0,4,1,1,2,2,1,22 
14,2,1,3,3,2,2,1,2,0,2,1,6 
14,1,2,4,3,2,2,2,2,0,0,0,10 
14,1,3,4,2,0,3,0,1,1,0,1,26 
14,2,1,2,2,3,3,2,0,0,2,1,2 
14,1,1,3,1,2,5,4,1,2,1,2,26 
14,1,2,4,2,1,3,2,1,2,0,2,18 
14,2,1,2,3,2,2,4,1,1,0,2,12 
15,0,3,3,3,2,2,3,1,1,0,2,8 
15,0,3,3,3,4,3,2,0,1,1,1,6 
15,0,3,3,2,0,5,2,2,1,1,1,20 
15,1,3,3,3,2,0,4,2,1,0,1,26 
15,0,3,3,3,0,2,2,1,2,1,2,16 
15,1,1,3,1,2,4,1,1,1,1,1,8 
15,1,3,4,1,2,5,0,1,0,0,2,12 
15,0,2,5,3,1,2,2,0,1,2,1,14 
15,2,2,4,0,4,4,2,0,2,0,1,16 
15,1,4,3,1,2,4,2,1,1,1,1,14 
15,0,3,4,2,2,4,2,1,0,1,1,8 
15,0,2,3,3,1,5,0,2,1,1,1,16 
15,2,1,1,0,0,4,1,1,2,2,1,22 
15,2,1,3,3,2,2,1,2,0,2,1,6 
15,1,2,4,3,3,2,2,2,0,0,0,8 
15,1,3,4,2,0,3,0,2,1,0,1,24 
15,2,1,2,2,3,3,2,0,0,2,1,2 
15,1,1,3,1,2,5,4,1,2,1,2,26 
15,1,2,4,2,1,3,2,1,2,0,2,18 
15,2,1,2,3,2,2,4,1,1,0,2,12 
16,0,3,3,3,2,2,3,1,1,0,2,8 
16,0,3,3,3,4,3,2,0,1,1,1,6 
16,0,3,3,2,0,5,2,2,1,1,1,20 
16,1,3,3,3,2,0,4,2,1,0,1,26 
16,0,3,3,3,0,2,2,1,2,1,2,16 
16,1,1,3,1,2,4,1,1,1,1,1,8 
16,1,3,4,1,2,5,0,1,0,0,2,12 
16,0,2,5,3,1,2,2,0,1,2,1,14 
16,2,2,4,0,4,4,2,0,2,0,1,16 
16,1,4,3,1,2,3,2,1,1,1,1,12 
16,0,3,4,2,2,4,2,1,0,1,1,8 
16,0,2,3,3,1,4,0,2,1,1,1,12 
16,2,1,1,0,0,4,1,1,2,2,1,22 
16,2,1,3,3,2,2,1,2,0,2,1,6 
16,1,2,4,3,3,2,2,2,0,0,0,8 
16,1,3,4,2,0,4,0,2,1,0,1,22 
16,2,1,2,2,3,3,2,0,0,2,1,2 
16,1,1,3,1,2,5,4,1,2,1,2,26 
16,1,2,4,2,1,3,2,1,2,0,2,18 
16,2,1,2,3,2,2,4,1,1,0,2,12 
17,0,3,3,3,2,2,3,1,1,0,2,8 
17,0,3,3,3,4,3,2,0,1,1,1,6 
17,0,3,3,2,0,5,2,2,1,1,1,20 
17,1,3,3,3,2,0,4,2,1,0,1,26 
17,0,3,3,3,0,2,2,1,2,1,2,16 
17,1,1,3,1,2,4,1,1,1,1,1,8 
17,1,3,4,1,2,5,0,1,0,0,2,12 
17,0,2,5,3,1,2,2,0,1,2,1,14 
17,2,2,4,0,4,4,2,0,2,0,1,16 
17,1,4,3,1,2,3,2,1,1,1,1,12 
17,0,3,4,2,2,4,2,1,0,1,1,8 
17,0,2,3,3,1,4,0,2,1,1,1,12 
17,2,1,1,0,0,4,1,1,2,2,1,22 
17,2,1,3,3,2,2,1,2,0,2,1,6 
17,1,2,4,3,3,2,2,2,0,0,0,8 
17,1,3,4,2,0,4,0,2,1,0,1,22 
17,2,1,2,2,3,3,2,0,0,2,1,2 
17,1,1,3,1,2,5,4,1,2,1,2,26 
17,1,2,4,2,1,3,2,1,2,0,2,18 
17,2,1,2,3,2,2,4,1,1,0,2,12 
18,0,3,3,3,2,2,3,1,1,0,2,8 
18,0,3,3,3,4,3,2,0,1,1,1,6 
18,0,3,3,2,0,5,2,2,1,1,1,20 
18,1,3,3,3,2,0,4,2,1,0,1,26 
18,0,3,3,3,0,2,2,1,2,1,2,16 
18,1,1,3,1,2,4,1,1,1,1,1,8 
18,1,3,4,1,2,4,0,1,0,0,2,10 
18,0,2,5,3,1,2,2,0,1,2,1,14 
18,2,2,4,0,4,4,2,0,2,0,1,16 
18,1,4,3,1,2,3,2,1,1,1,1,12 
18,0,3,4,2,2,4,2,1,0,1,1,8 
18,0,2,3,3,1,4,0,2,1,1,1,12 
18,2,1,1,0,0,4,1,1,2,2,1,22 
18,2,1,3,3,2,2,1,2,0,2,1,6 
18,1,2,4,3,3,2,2,2,0,0,0,8 
18,1,3,3,2,0,4,0,2,1,0,1,18 
18,2,1,2,2,3,3,2,0,0,2,1,2 
18,1,1,3,1,2,5,4,1,2,1,2,26 
18,1,2,4,2,1,3,2,1,2,0,2,18 
18,2,1,2,3,2,2,4,1,1,0,2,12 
19,0,3,3,3,2,2,2,1,1,0,2,4 
19,0,3,3,3,4,3,2,0,1,1,1,6 
19,0,3,3,2,0,5,2,2,1,1,1,20 
19,1,3,3,3,2,0,4,2,1,0,1,26 
19,0,3,3,3,0,2,2,1,2,1,2,16 
19,1,1,3,1,2,4,1,1,1,1,1,8 
19,1,3,4,1,2,4,0,1,0,0,2,10 
19,0,2,5,3,1,2,2,0,1,2,1,14 
19,2,2,4,0,4,4,2,0,2,0,1,16 
19,1,4,3,1,2,3,2,1,1,1,1,12 
19,0,3,3,2,2,4,2,1,0,1,1,6 
19,0,2,3,3,1,4,0,2,1,1,1,12 
19,2,1,1,0,0,4,1,1,2,2,1,22 
19,2,1,3,3,2,2,1,2,0,2,1,6 
19,1,2,4,3,3,2,2,2,0,0,0,8 
19,1,3,3,2,0,4,0,2,1,0,1,18 
19,2,1,2,2,3,3,2,0,0,2,1,2 
19,1,1,3,1,2,5,4,1,2,1,2,26 
19,1,2,4,2,1,3,2,1,2,0,2,18 
19,2,1,2,3,2,2,4,1,1,0,2,12 
20,0,3,3,3,2,2,2,1,1,0,2,4 
20,0,3,3,3,4,3,2,0,1,1,1,6 
20,0,3,3,2,0,5,2,2,1,1,1,20 
20,1,3,3,3,2,0,3,2,1,0,1,20 
20,0,3,3,3,0,2,2,1,2,1,2,16 
20,1,1,3,1,2,4,1,1,1,1,1,8 
20,1,3,4,1,2,4,0,1,0,0,2,10 
20,0,2,5,3,1,2,2,0,1,2,1,14 
20,2,2,4,0,4,4,2,0,2,0,1,16 
20,1,4,3,1,2,3,2,1,1,1,1,12 
20,0,3,3,2,2,4,2,1,0,1,1,6 
20,0,2,3,3,1,4,0,2,1,1,1,12 
20,2,1,1,0,0,4,1,1,2,2,1,22 
20,2,1,3,3,2,2,1,2,0,2,1,6 
20,1,2,4,3,3,2,2,2,0,0,0,8 
20,1,3,3,2,0,4,0,2,1,0,1,18 
20,2,1,2,2,3,3,2,0,0,2,1,2 
20,1,1,3,1,2,5,4,1,2,1,2,26 
20,1,2,4,2,1,3,2,1,2,0,2,18 
20,2,1,2,3,2,2,4,1,1,0,2,12 
21,0,3,3,3,2,2,2,1,1,0,2,4 
21,0,3,3,3,4,3,2,0,1,1,1,6 
21,0,3,3,2,0,5,2,2,1,1,1,20 
21,1,3,3,3,2,0,3,2,1,0,1,20 
21,0,3,3,3,0,2,2,1,2,1,2,16 
21,1,1,3,1,2,4,1,1,1,1,1,8 
21,1,3,4,1,2,4,0,1,0,0,2,10 
21,0,2,5,3,1,2,2,0,1,2,1,14 
21,2,2,4,0,4,4,2,0,2,0,1,16 
21,1,4,3,1,2,3,2,1,1,1,1,12 
21,0,3,3,2,2,4,2,1,0,1,1,6 
21,0,2,3,3,1,4,0,2,1,1,1,12 
21,2,1,1,0,0,4,1,1,2,2,1,22 
21,2,1,3,3,2,2,1,2,0,2,1,6 
21,1,2,4,3,3,2,2,2,0,0,0,8 
21,1,3,3,2,0,4,0,2,1,0,1,18 
21,2,1,2,2,3,3,2,0,0,2,1,2 
21,1,1,3,1,2,5,4,1,2,1,2,26 
21,1,2,4,2,1,3,2,1,2,0,2,18 
21,2,1,2,3,2,2,4,1,1,0,2,12 
22,0,3,3,3,2,2,2,1,1,0,2,4 
22,0,3,3,3,4,3,2,0,1,1,1,6 
22,0,3,3,2,0,5,2,2,1,1,1,20 
22,1,3,3,3,2,0,3,2,1,0,1,20 
22,0,3,3,3,0,2,2,1,2,1,2,16 
22,1,1,3,1,2,4,1,1,1,1,1,8 
22,1,3,4,1,2,4,0,1,0,0,2,10 
22,0,2,5,3,1,2,2,0,1,2,1,14 
22,2,2,4,0,4,4,2,0,2,0,1,16 
22,1,4,3,1,2,3,2,1,1,1,1,12 
22,0,3,3,2,2,4,2,1,0,1,1,6 
22,0,2,3,3,1,4,0,2,1,1,1,12 
22,2,1,1,0,0,4,1,1,2,2,1,22 
22,2,1,3,3,2,2,1,2,0,2,1,6 
22,1,2,4,3,3,2,2,2,0,0,0,8 
22,1,3,3,2,0,4,0,2,1,0,1,18 
22,2,1,2,2,3,3,2,0,0,2,1,2 
22,1,1,3,1,2,5,4,1,2,1,2,26 
22,1,2,4,2,1,3,2,1,2,0,2,18 
22,2,1,2,3,2,2,4,1,1,0,2,12 
23,0,3,3,3,2,2,2,1,1,0,2,4 
23,0,3,3,3,4,3,2,0,1,1,1,6 
23,0,3,3,2,0,5,2,2,1,1,1,20 
23,0,3,3,3,2,0,3,2,1,0,1,18 
23,0,3,3,3,0,2,2,1,2,1,2,16 
23,1,1,3,1,2,4,1,1,1,1,1,8 
23,1,3,4,1,2,4,0,1,0,0,2,10 
23,0,2,3,3,1,2,2,0,1,2,1,10 
23,2,2,4,0,4,4,2,0,2,0,1,16 
23,1,4,3,1,2,3,2,1,1,1,1,12 
23,0,3,3,2,2,4,2,1,0,1,1,6 
23,0,2,3,3,1,4,0,2,1,1,1,12 
23,2,1,2,0,0,4,1,1,2,2,1,20 
23,2,1,3,3,2,2,1,2,0,2,1,6 
23,1,2,4,3,3,2,2,2,0,0,0,8 
23,1,3,3,2,0,4,0,2,1,0,1,18 
23,2,1,2,2,3,3,2,0,0,2,1,2 
23,1,1,3,1,2,5,4,1,2,1,2,26 
23,1,2,4,2,1,3,2,1,2,0,2,18 
23,2,1,2,3,2,2,4,1,1,0,2,12 
24,0,3,3,3,2,2,2,1,1,0,2,4 
24,0,3,3,3,4,3,2,0,1,1,1,6 
24,0,3,3,2,0,5,2,2,1,1,1,20 
24,0,3,3,3,2,0,2,2,1,0,1,16 
24,0,3,3,3,0,2,2,1,2,1,2,16 
24,1,1,3,1,2,4,1,1,1,1,1,8 
24,1,3,4,1,2,4,0,1,0,0,2,10 
24,0,2,3,3,1,2,2,0,1,2,1,10 
24,2,2,4,0,4,4,2,0,2,0,1,16 
24,1,4,3,1,2,3,2,1,1,1,1,12 
24,0,3,3,2,2,4,2,1,0,1,1,6 
24,0,2,3,3,1,4,2,2,1,1,1,10 
24,2,1,2,0,0,4,1,1,2,2,1,20 
24,2,1,3,3,2,2,1,2,0,2,1,6 
24,1,2,4,3,3,2,2,2,0,0,0,8 
24,1,3,3,2,0,4,0,2,1,0,1,18 
24,2,1,2,2,3,3,2,0,0,2,1,2 
24,1,1,3,1,2,5,4,1,2,1,2,26 
24,1,2,4,2,1,3,2,1,2,0,2,18 
24,2,1,2,3,2,2,4,1,1,0,2,12 
25,0,3,3,3,2,2,2,1,1,0,2,4 
25,0,3,3,3,4,3,2,0,1,1,1,6 
25,0,3,3,2,0,5,2,2,1,1,1,20 
25,0,3,3,3,2,3,2,2,1,0,1,4 
25,0,3,3,3,0,2,2,1,2,1,2,16 
25,1,1,3,1,2,4,1,1,1,1,1,8 
25,1,3,4,1,2,4,0,1,0,0,2,10 
25,0,2,3,3,1,2,2,0,1,2,1,10 
25,2,2,4,0,4,4,2,0,2,0,1,16 
25,1,4,3,1,2,3,2,1,1,1,1,12 
25,0,3,3,2,2,4,2,1,0,1,1,6 
25,0,2,3,3,1,4,2,2,1,1,1,10 
25,2,1,2,0,0,4,2,1,2,2,1,18 
25,2,1,3,3,2,2,1,2,0,2,1,6 
25,1,2,4,3,3,2,2,2,0,0,0,8 
25,1,3,3,2,0,4,0,2,1,0,1,18 
25,2,1,2,2,3,3,2,0,0,2,1,2 
25,1,1,3,1,2,5,4,1,2,1,2,26 
25,1,2,4,2,1,3,2,1,2,0,2,18 
25,2,1,2,3,2,2,4,1,1,0,2,12 
26,0,3,3,3,2,2,2,1,1,0,2,4 
26,0,3,3,3,4,3,2,0,1,1,1,6 
26,0,3,3,2,0,5,2,2,1,1,1,20 
26,0,3,3,3,2,3,2,2,1,0,1,4 
26,0,3,3,3,0,2,2,1,2,1,2,16 
26,1,1,3,1,2,4,1,1,1,1,1,8 
26,1,3,4,1,2,4,0,1,0,0,2,10 
26,0,2,3,3,1,2,2,0,1,2,1,10 
26,2,2,4,0,4,4,2,0,2,0,1,16 
26,1,4,3,1,2,3,2,1,1,1,1,12 
26,0,3,3,2,2,4,2,1,0,1,1,6 
26,0,2,3,3,3,4,2,2,1,1,1,8 
26,2,1,2,2,0,4,2,1,2,2,1,16 
26,2,1,3,3,2,2,1,2,0,2,1,6 
26,1,2,4,3,3,2,2,2,0,0,0,8 
26,1,3,3,2,0,4,0,2,1,0,1,18 
26,2,1,2,2,3,3,2,0,0,2,1,2 
26,1,1,3,1,2,5,4,1,2,1,2,26 
26,1,2,4,2,1,3,2,1,2,0,2,18 
26,2,1,2,3,2,2,4,1,1,0,2,12 
27,0,3,3,3,2,2,2,1,1,0,2,4 
27,0,3,3,3,4,3,2,0,1,1,1,6 
27,0,3,3,2,0,5,2,2,1,1,1,20 
27,0,3,3,3,2,3,2,2,1,0,1,4 
27,0,3,3,3,0,2,2,1,2,1,2,16 
27,1,1,3,1,2,4,1,1,1,1,1,8 
27,1,3,4,1,2,4,0,1,0,0,2,10 
27,0,2,3,3,1,2,2,0,1,2,1,10 
27,2,2,4,0,4,4,2,0,2,0,1,16 
27,1,4,3,1,2,3,2,1,1,1,1,12 
27,0,3,3,2,2,4,2,1,0,1,1,6 
27,0,2,3,3,3,4,2,2,1,1,1,8 
27,2,1,2,2,0,4,2,1,2,2,1,16 
27,2,1,3,3,2,2,1,2,0,2,1,6 
27,1,2,4,3,3,2,2,2,0,0,0,8 
27,1,3,3,2,0,4,0,2,1,0,1,18 
27,2,1,2,2,3,3,2,0,0,2,1,2 
27,1,1,3,1,2,5,4,1,2,1,2,26 
27,1,2,4,2,1,3,2,1,2,0,2,18 
27,2,1,2,3,2,2,4,1,1,0,2,12 
28,0,3,3,3,2,2,2,1,1,0,2,4 
28,0,3,3,3,4,3,2,0,1,1,1,6 
28,0,3,3,2,0,5,2,2,1,1,1,20 
28,0,3,3,3,2,3,2,2,1,0,1,4 
28,0,3,3,3,0,2,2,1,2,1,2,16 
28,1,1,3,1,2,4,1,1,1,1,1,8 
28,1,3,4,1,2,4,0,1,0,0,2,10 
28,0,2,3,3,1,2,2,0,1,2,1,10 
28,2,2,4,0,4,4,2,0,2,0,1,16 
28,1,4,3,1,2,3,2,1,1,1,1,12 
28,0,3,3,2,2,4,2,1,0,1,1,6 
28,0,2,3,3,3,4,2,2,1,1,1,8 
28,2,1,2,2,0,4,2,1,2,2,1,16 
28,2,1,3,3,2,2,1,2,0,2,1,6 
28,1,2,4,3,3,2,2,2,0,0,0,8 
28,1,3,3,2,0,4,0,2,1,0,1,18 
28,2,1,2,2,3,3,2,0,0,2,1,2 
28,1,1,3,1,2,5,4,1,2,1,2,26 
28,1,2,4,2,1,3,2,1,2,0,2,18 
28,2,1,2,3,2,2,4,1,1,0,2,12 
29,0,3,3,3,2,2,2,1,1,0,2,4 
29,0,3,3,3,4,3,2,0,1,1,1,6 
29,0,3,3,2,0,5,2,2,1,1,1,20 
29,0,3,3,3,2,3,2,2,1,0,1,4 
29,0,3,3,3,0,2,2,1,2,1,2,16 
29,1,1,3,1,3,4,1,1,1,1,1,6 
29,1,3,4,1,2,4,0,1,0,0,2,10 
29,0,2,3,3,2,2,2,0,1,2,1,8 
29,2,2,4,0,4,4,2,0,2,0,1,16 
29,1,4,3,1,2,3,2,1,1,1,1,12 
29,0,3,3,2,2,4,2,1,0,1,1,6 
29,0,2,3,3,3,4,2,2,1,1,1,8 
29,2,1,2,2,0,4,2,1,2,2,1,16 
29,2,1,3,3,2,2,1,2,0,2,1,6 
29,1,2,4,3,3,2,2,2,0,0,0,8 
29,1,3,3,2,0,4,0,2,1,0,1,18 
29,2,1,2,2,3,3,2,0,0,2,1,2 
29,1,1,3,1,2,5,4,1,1,1,2,20 
29,1,2,4,2,1,3,2,1,2,0,2,18 
29,2,1,2,3,2,2,1,1,1,0,2,8 
30,0,3,3,3,2,2,2,1,1,0,2,4 
30,0,3,3,3,4,3,2,0,1,1,1,6 
30,0,3,3,2,0,5,2,2,1,1,1,20 
30,0,3,3,3,2,3,2,2,1,0,1,4 
30,0,3,3,3,0,2,2,1,2,1,2,16 
30,1,1,3,1,3,4,1,1,1,1,1,6 
30,1,3,4,1,2,4,0,1,0,0,2,10 
30,0,2,3,3,2,2,2,0,1,2,1,8 
30,2,2,4,0,4,4,2,0,2,1,1,14 
30,1,4,3,1,2,3,2,1,1,1,1,12 
30,0,3,3,2,3,4,2,1,0,1,1,4 
30,0,2,3,3,3,4,2,2,1,1,1,8 
30,2,1,2,2,0,4,2,1,2,2,1,16 
30,2,1,3,3,2,2,1,2,0,2,1,6 
30,1,2,4,3,3,2,2,2,0,0,0,8 
30,1,3,3,2,0,4,0,2,1,0,1,18 
30,2,1,2,2,3,3,2,0,0,2,1,2 
30,1,1,3,1,2,5,4,1,1,1,2,20 
30,1,2,4,2,2,3,2,1,2,0,2,14 
30,2,1,2,3,2,2,1,1,1,0,2,8 
31,0,3,3,3,2,2,2,1,1,0,2,4 
31,0,3,3,3,3,3,2,0,1,1,1,4 
31,0,3,3,2,0,5,2,2,1,1,1,20 
31,0,3,3,3,2,3,2,2,1,0,1,4 
31,0,3,3,3,0,2,2,1,2,1,2,16 
31,1,1,3,1,3,4,1,1,1,1,1,6 
31,1,3,4,1,2,4,0,1,0,0,2,10 
31,0,2,3,3,2,2,2,0,1,2,1,8 
31,2,2,4,0,4,4,2,0,2,1,1,14 
31,1,4,3,1,2,3,2,1,1,1,1,12 
31,0,3,3,2,3,4,2,1,0,1,1,4 
31,0,2,3,3,3,4,2,2,1,1,1,8 
31,2,1,2,2,0,4,2,1,2,2,1,16 
31,2,1,3,3,2,2,1,2,0,2,1,6 
31,1,2,4,3,3,2,2,2,0,0,0,8 
31,1,3,3,2,0,4,1,2,1,0,1,16 
31,2,1,2,2,3,3,2,0,0,2,1,2 
31,1,1,3,1,2,5,4,1,1,1,2,20 
31,1,2,4,2,2,3,2,1,2,0,2,14 
31,2,1,2,3,2,2,1,1,1,0,2,8 
32,0,3,3,3,2,2,2,1,1,0,2,4 
32,0,3,3,3,3,3,2,0,1,1,1,4 
32,0,3,3,2,0,5,2,2,1,1,1,20 
32,0,3,3,3,2,3,2,2,1,0,1,4 
32,0,3,3,3,0,2,2,1,2,1,2,16 
32,1,1,3,1,3,4,1,1,1,1,1,6 
32,1,3,4,1,2,4,0,1,0,0,2,10 
32,0,2,3,3,2,2,2,0,1,2,1,8 
32,2,2,4,0,4,4,2,0,2,1,1,14 
32,1,4,3,1,2,3,2,1,1,1,1,12 
32,0,3,3,2,3,4,2,1,0,1,1,4 
32,0,2,3,3,3,4,2,2,1,1,1,8 
32,2,1,2,2,0,4,2,1,2,2,1,16 
32,2,1,3,3,2,2,1,2,0,2,1,6 
32,1,2,4,3,3,2,2,2,0,0,0,8 
32,1,3,3,2,0,4,1,2,1,0,1,16 
32,2,1,2,2,3,3,2,0,0,2,1,2 
32,1,1,3,1,2,5,4,1,1,1,2,20 
32,1,2,4,2,2,3,2,1,2,0,2,14 
32,2,1,2,3,2,2,1,1,1,0,2,8 
33,0,3,3,3,2,2,2,1,1,0,2,4 
33,0,3,3,3,3,3,2,0,1,1,1,4 
33,0,3,3,2,0,5,2,2,1,1,1,20 
33,0,3,3,3,2,3,2,2,1,0,1,4 
33,0,3,3,3,0,2,2,1,2,1,2,16 
33,1,1,3,1,3,4,1,1,1,1,1,6 
33,1,3,4,1,2,4,0,1,0,0,2,10 
33,0,2,3,3,2,2,2,0,1,2,1,8 
33,2,2,4,0,4,4,2,0,2,1,1,14 
33,1,4,3,1,2,3,2,1,1,1,1,12 
33,0,3,3,2,3,4,2,1,0,1,1,4 
33,0,2,3,3,3,4,2,2,1,1,1,8 
33,2,1,2,2,0,4,2,1,2,2,1,16 
33,2,1,3,3,2,2,1,2,0,2,1,6 
33,1,2,4,3,3,2,2,2,0,0,0,8 
33,1,3,3,2,0,4,1,2,1,0,1,16 
33,2,1,2,2,3,3,2,0,0,2,1,2 
33,1,1,3,1,2,5,4,1,1,1,2,20 
33,1,2,4,2,2,3,2,1,2,0,2,14 
33,2,1,2,3,2,2,1,1,1,0,2,8 
34,0,3,3,3,2,2,2,1,1,0,2,4 
34,0,3,3,3,3,3,2,0,1,1,1,4 
34,0,3,3,2,0,5,2,2,1,1,1,20 
34,0,3,3,3,2,3,2,2,1,0,1,4 
34,0,3,3,3,0,2,2,1,2,1,2,16 
34,1,1,3,1,3,4,1,1,1,1,1,6 
34,1,3,4,1,2,4,0,1,0,0,2,10 
34,0,2,3,3,2,2,2,0,1,2,1,8 
34,2,2,4,0,4,4,2,0,2,1,1,14 
34,1,4,3,1,2,3,2,1,1,1,1,12 
34,0,3,3,2,3,4,2,1,0,1,1,4 
34,0,2,3,3,3,4,2,2,1,1,1,8 
34,2,1,2,2,0,4,2,1,2,2,1,16 
34,2,1,3,3,2,2,1,2,0,2,1,6 
34,1,2,4,3,3,3,2,2,0,0,0,6 
34,1,3,3,2,0,4,1,2,1,0,1,16 
34,2,1,2,2,3,3,2,0,0,2,1,2 
34,1,1,3,1,2,5,4,1,1,1,2,20 
34,1,2,4,2,2,3,2,1,2,0,2,14 
34,2,1,2,3,2,2,1,1,1,0,2,8 
35,0,3,3,3,2,2,2,1,1,0,2,4 
35,0,3,3,3,3,3,2,0,1,1,1,4 
35,0,3,3,2,0,4,2,2,1,1,1,14 
35,0,3,3,3,2,3,2,2,1,0,1,4 
35,0,3,3,3,0,2,2,1,2,1,2,16 
35,1,1,3,1,3,4,1,1,1,1,1,6 
35,1,3,4,1,2,4,0,1,0,0,2,10 
35,0,2,3,3,2,2,2,0,1,2,1,8 
35,2,2,4,0,4,4,2,0,2,1,1,14 
35,1,3,3,1,2,3,2,1,1,1,1,8 
35,0,3,3,2,3,4,2,1,0,1,1,4 
35,0,2,3,3,3,4,2,2,1,1,1,8 
35,2,1,2,2,0,4,2,1,2,2,1,16 
35,2,1,3,3,2,2,1,2,0,2,1,6 
35,1,2,4,3,3,3,2,2,0,0,0,6 
35,1,3,3,2,0,4,1,2,1,0,1,16 
35,2,1,2,2,3,3,2,0,0,2,1,2 
35,1,1,3,1,2,5,2,1,1,1,2,10 
35,1,2,4,2,2,3,2,1,2,0,2,14 
35,2,1,2,3,2,2,1,1,1,0,2,8 
36,0,3,3,3,2,2,2,1,1,0,2,4 
36,0,3,3,3,3,3,2,0,1,1,1,4 
36,0,3,3,2,0,4,2,2,1,1,1,14 
36,0,3,3,3,2,3,2,2,1,0,1,4 
36,0,3,3,3,0,2,2,1,2,1,2,16 
36,1,1,3,1,3,4,1,1,1,1,1,6 
36,1,3,4,1,2,4,0,1,0,0,2,10 
36,0,2,3,3,2,2,2,0,1,2,1,8 
36,2,2,4,0,4,4,2,0,2,1,1,14 
36,1,3,3,1,2,3,2,1,0,1,1,6 
36,0,3,3,2,3,4,2,1,0,1,1,4 
36,0,2,3,3,3,4,2,1,1,1,1,6 
36,2,1,2,2,0,4,2,1,2,2,1,16 
36,2,1,3,3,2,2,1,2,0,2,1,6 
36,1,2,4,3,3,3,2,2,0,0,0,6 
36,1,3,3,2,0,4,1,2,1,0,1,16 
36,2,1,2,2,3,3,2,0,0,2,1,2 
36,1,1,3,1,2,5,2,1,1,1,2,10 
36,1,2,4,2,2,3,2,1,2,0,2,14 
36,2,1,2,3,2,3,1,1,1,0,2,6 
37,0,3,3,3,2,2,2,1,1,0,2,4 
37,0,3,3,3,3,3,2,0,1,1,1,4 
37,0,3,3,2,0,4,2,2,1,1,1,14 
37,0,3,3,3,2,3,2,2,1,0,1,4 
37,0,3,3,3,0,2,2,1,2,1,2,16 
37,1,1,3,1,3,4,1,1,1,1,1,6 
37,1,3,4,1,2,4,0,1,0,0,2,10 
37,0,2,3,3,2,2,2,0,1,2,1,8 
37,2,2,4,0,4,4,2,0,2,1,1,14 
37,1,3,3,1,2,3,2,1,0,1,1,6 
37,0,3,3,2,3,4,2,1,0,1,1,4 
37,0,2,3,3,3,4,2,1,1,1,1,6 
37,2,1,2,2,1,4,2,1,2,2,1,10 
37,2,1,3,3,2,2,1,2,0,2,1,6 
37,1,2,4,3,3,3,2,2,0,0,0,6 
37,1,3,3,2,0,4,1,2,1,0,1,16 
37,2,1,2,2,3,3,2,0,0,2,1,2 
37,1,1,3,1,2,5,2,1,1,1,2,10 
37,1,2,4,2,2,3,2,1,2,0,2,14 
37,2,1,2,3,2,3,1,1,1,0,2,6 
38,0,3,3,3,2,2,2,1,1,0,2,4 
38,0,3,3,3,3,3,2,0,1,1,1,4 
38,0,3,3,2,0,4,2,2,1,1,1,14 
38,0,3,3,3,2,3,2,2,1,0,1,4 
38,0,3,3,3,0,2,2,1,2,1,2,16 
38,1,1,3,1,3,4,1,1,1,1,1,6 
38,1,3,4,1,2,4,0,1,0,0,2,10 
38,0,2,3,3,2,2,2,0,1,2,1,8 
38,2,2,4,0,4,4,2,0,2,1,1,14 
38,1,3,3,1,2,3,2,1,0,1,1,6 
38,0,3,3,2,3,4,2,1,0,1,1,4 
38,0,2,3,3,3,4,2,1,1,1,1,6 
38,2,1,2,2,2,4,2,1,2,2,1,8 
38,2,1,3,3,2,2,1,2,0,2,1,6 
38,1,2,4,3,3,3,2,2,0,0,0,6 
38,1,3,3,2,0,4,1,2,1,0,1,16 
38,2,1,2,2,3,3,2,0,0,2,1,2 
38,1,1,3,1,2,5,2,1,1,1,2,10 
38,1,2,4,2,2,3,2,1,2,0,2,14 
38,2,1,2,3,2,3,1,1,1,0,2,6 
39,0,3,3,3,2,2,2,1,1,0,2,4 
39,0,3,3,3,3,3,2,0,1,1,1,4 
39,0,3,3,2,0,4,2,2,1,1,1,14 
39,0,3,3,3,2,3,2,2,1,0,1,4 
39,0,3,3,3,0,2,2,1,2,1,2,16 
39,1,1,3,1,3,4,1,1,1,1,1,6 
39,1,3,3,1,2,4,0,1,0,0,2,8 
39,0,2,3,3,2,2,2,0,1,2,1,8 
39,2,2,4,0,4,4,2,0,2,1,1,14 
39,1,3,3,1,2,3,2,1,0,1,1,6 
39,0,3,3,2,3,4,2,1,0,1,1,4 
39,0,2,3,3,3,4,2,1,1,1,1,6 
39,2,1,2,2,2,4,2,1,2,2,1,8 
39,2,1,3,3,2,2,1,2,0,2,1,6 
39,1,2,4,3,3,3,2,2,0,0,0,6 
39,1,3,3,2,0,4,1,2,1,0,1,16 
39,2,1,2,2,3,3,2,0,0,2,1,2 
39,1,1,3,1,2,5,2,1,1,1,2,10 
39,1,2,4,2,2,3,2,1,2,0,2,14 
39,2,1,2,3,2,3,1,1,1,0,2,6 
40,0,3,3,3,2,2,2,1,1,0,2,4 
40,0,3,3,3,3,3,2,0,1,1,1,4 
40,0,3,3,2,0,4,2,2,1,1,1,14 
40,0,3,3,3,2,3,2,2,1,0,1,4 
40,0,3,3,3,0,2,2,1,2,1,1,14 
40,1,1,3,1,3,4,1,1,1,1,1,6 
40,1,3,3,1,2,4,0,1,0,0,2,8 
40,0,2,3,3,2,2,2,0,1,2,1,8 
40,2,2,4,0,4,4,2,0,2,1,1,14 
40,1,3,3,1,2,3,2,1,0,1,1,6 
40,0,3,3,2,3,4,2,1,0,1,1,4 
40,0,2,3,3,3,4,2,1,1,1,1,6 
40,2,1,2,2,2,4,2,1,2,2,1,8 
40,2,1,3,3,2,2,1,2,0,2,1,6 
40,1,2,4,3,3,3,2,2,0,0,0,6 
40,1,3,3,2,0,4,1,2,1,0,1,16 
40,2,1,2,2,3,3,2,0,0,2,1,2 
40,1,1,3,1,2,5,2,1,1,1,2,10 
40,1,2,4,2,2,3,2,1,2,0,2,14 
40,2,1,2,3,2,3,1,1,1,0,2,6 
41,0,3,3,3,2,2,2,1,1,0,2,4 
41,0,3,3,3,3,3,2,0,1,1,1,4 
41,0,3,3,2,0,4,2,2,1,1,1,14 
41,0,3,3,3,2,3,2,2,1,0,1,4 
41,0,3,3,3,1,2,2,1,2,1,1,10 
41,1,1,3,1,3,4,1,1,1,1,1,6 
41,1,3,3,1,2,4,0,1,0,0,2,8 
41,0,2,3,3,2,2,2,0,1,2,1,8 
41,2,2,4,0,4,4,2,0,2,1,1,14 
41,1,3,3,1,2,3,2,1,0,1,1,6 
41,0,3,3,2,3,4,2,1,0,1,1,4 
41,0,2,3,3,3,4,2,1,1,1,1,6 
41,2,1,2,2,2,4,2,1,2,1,1,6 
41,2,1,3,3,2,2,1,2,0,2,1,6 
41,1,2,3,3,3,3,2,2,0,0,0,4 
41,1,3,3,2,0,4,1,2,1,0,1,16 
41,2,1,2,2,3,3,2,0,0,2,1,2 
41,1,1,3,1,2,5,2,1,1,1,2,10 
41,1,2,4,2,2,3,2,1,2,0,2,14 
41,2,1,2,3,2,3,1,1,1,0,2,6 
42,0,3,3,3,2,2,2,1,1,0,2,4 
42,0,3,3,3,3,3,2,0,1,1,1,4 
42,0,3,3,2,0,4,2,2,1,1,1,14 
42,0,3,3,3,2,3,2,2,1,0,1,4 
42,0,3,3,3,1,2,2,1,2,1,1,10 
42,1,1,3,1,3,4,1,1,1,1,1,6 
42,1,3,3,1,2,4,0,1,0,0,2,8 
42,0,2,3,3,2,2,2,0,1,2,1,8 
42,2,2,4,0,4,4,2,0,2,1,1,14 
42,1,3,3,1,2,3,2,1,0,1,1,6 
42,0,3,3,2,3,4,2,1,0,1,1,4 
42,0,2,3,3,3,4,2,1,1,1,1,6 
42,2,1,2,2,2,4,2,1,2,1,1,6 
42,2,1,3,3,2,2,1,2,0,2,1,6 
42,1,2,3,3,3,3,2,2,0,0,0,4 
42,1,3,3,2,0,4,1,2,1,0,1,16 
42,2,1,2,2,3,3,2,0,0,2,1,2 
42,1,1,3,1,2,5,2,1,1,1,2,10 
42,1,2,4,2,2,3,2,1,2,0,2,14 
42,2,1,2,3,2,3,1,1,1,0,2,6 
43,0,3,3,3,2,2,2,1,1,0,2,4 
43,0,3,3,3,3,3,2,0,1,1,1,4 
43,0,3,3,2,0,4,2,2,1,1,1,14 
43,0,3,3,3,2,3,2,2,1,0,1,4 
43,0,3,3,3,1,2,2,1,2,1,1,10 
43,1,1,3,1,3,4,1,1,1,1,1,6 
43,1,3,3,1,2,4,0,1,0,0,2,8 
43,0,2,3,3,2,2,2,0,1,2,1,8 
43,2,2,4,0,4,4,2,0,2,1,1,14 
43,1,3,3,1,3,3,2,1,0,1,1,4 
43,0,3,3,2,3,4,2,1,0,1,1,4 
43,0,2,3,3,3,4,2,1,1,1,1,6 
43,2,1,2,2,2,4,2,1,2,1,1,6 
43,2,1,3,3,2,2,1,2,0,2,1,6 
43,1,2,3,3,3,3,2,2,0,0,0,4 
43,1,3,3,2,0,4,1,2,1,0,1,16 
43,2,1,2,2,3,3,2,0,0,2,1,2 
43,1,1,3,1,2,5,2,1,1,1,2,10 
43,1,2,4,2,2,3,2,1,2,0,2,14 
43,2,1,2,3,2,3,1,1,1,0,2,6 
44,0,3,3,3,2,2,2,1,1,0,2,4 
44,0,3,3,3,3,3,2,0,1,1,1,4 
44,0,3,3,2,0,4,2,2,1,1,1,14 
44,0,3,3,3,2,3,2,2,1,0,1,4 
44,0,3,3,3,1,2,2,1,2,1,1,10 
44,1,1,3,1,3,4,1,1,1,1,1,6 
44,1,3,3,1,2,4,0,1,0,0,2,8 
44,0,2,3,3,2,2,2,0,1,2,1,8 
44,1,2,4,0,4,4,2,0,2,1,1,10 
44,1,3,3,1,3,3,2,1,0,1,1,4 
44,0,3,3,2,3,4,2,1,0,1,1,4 
44,0,2,3,3,3,4,2,1,1,1,1,6 
44,2,1,2,2,2,4,2,1,2,1,1,6 
44,2,1,3,3,2,2,1,2,0,2,1,6 
44,1,2,3,3,3,3,2,2,0,0,0,4 
44,1,3,3,2,0,4,1,2,1,0,1,16 
44,2,1,2,2,3,3,2,1,0,2,1,0 
44,1,1,3,1,2,5,2,1,1,1,2,10 
44,1,2,4,2,2,3,2,1,2,0,2,14 
44,2,1,2,3,2,3,1,1,1,0,2,6 
45,0,3,3,3,2,2,2,1,1,0,2,4 
45,0,3,3,3,3,3,2,0,1,1,1,4 
45,0,3,3,2,0,4,2,2,1,1,1,14 
45,0,3,3,3,2,3,2,2,1,0,1,4 
45,0,3,3,3,1,2,2,1,2,1,1,10 
45,1,1,3,1,3,4,1,1,1,1,1,6 
45,1,3,3,1,2,4,0,1,0,0,2,8 
45,0,2,3,3,2,2,2,0,1,2,1,8 
45,1,2,4,0,4,4,2,0,2,1,1,10 
45,1,3,3,1,3,3,2,1,0,1,1,4 
45,0,3,3,2,3,4,2,1,0,1,1,4 
45,0,2,3,3,3,4,2,1,1,1,1,6 
45,2,1,2,2,2,4,2,1,2,1,1,6 
45,2,1,3,3,2,2,1,2,0,2,1,6 
45,1,2,3,3,3,3,2,2,0,0,0,4 
45,1,3,3,2,0,4,1,2,1,0,1,16 
45,2,1,2,2,3,3,2,1,0,2,1,0 
45,1,1,3,1,2,5,2,1,1,1,2,10 
45,1,2,4,2,2,3,2,1,2,0,2,14 
45,2,1,2,3,2,3,1,1,1,0,2,6 
46,0,3,3,3,2,2,2,1,1,0,2,4 
46,0,3,3,3,3,3,2,0,1,1,1,4 
46,0,3,3,2,0,4,2,2,1,1,1,14 
46,0,3,3,3,2,3,2,2,1,0,1,4 
46,0,3,3,3,1,2,2,1,2,1,1,10 
46,1,1,3,1,3,4,1,1,1,1,1,6 
46,1,3,3,1,2,4,0,1,0,0,2,8 
46,0,2,3,3,2,2,2,0,1,2,1,8 
46,1,2,4,0,4,4,2,0,2,1,1,10 
46,1,3,3,1,3,3,2,1,0,1,1,4 
46,0,3,3,2,3,4,2,1,0,1,1,4 
46,0,2,3,3,3,4,2,1,1,1,1,6 
46,2,1,2,2,2,4,2,1,2,1,1,6 
46,2,1,3,3,2,2,1,2,0,2,1,6 
46,1,2,3,3,3,3,2,2,0,0,0,4 
46,1,3,3,2,0,4,1,2,1,0,1,16 
46,2,1,2,2,3,3,2,1,0,2,1,0 
46,1,1,3,1,2,5,2,1,1,1,2,10 
46,1,2,4,2,2,3,2,1,2,0,2,14 
46,2,1,2,3,2,3,1,1,1,0,2,6 
47,0,3,3,3,2,2,2,1,1,0,2,4 
47,0,3,3,3,3,3,2,0,1,1,1,4 
47,0,3,3,2,0,4,2,2,1,1,1,14 
47,0,3,3,3,2,3,2,2,1,0,1,4 
47,0,3,3,3,1,2,2,1,1,1,1,8 
47,1,1,3,1,3,4,1,1,1,1,1,6 
47,1,3,3,1,2,4,0,1,0,0,2,8 
47,0,2,3,3,2,2,2,0,1,1,1,6 
47,1,2,4,0,4,4,2,0,2,1,1,10 
47,1,3,3,1,3,3,2,1,0,1,1,4 
47,0,3,3,2,3,4,2,1,0,1,1,4 
47,0,2,3,3,3,4,2,1,1,1,1,6 
47,2,1,2,2,2,4,2,1,2,1,1,6 
47,2,1,3,3,2,2,1,2,0,2,1,6 
47,1,2,3,3,3,3,2,2,0,0,0,4 
47,1,3,3,2,0,4,1,2,1,0,1,16 
47,2,1,2,2,3,3,2,1,0,2,1,0 
47,1,1,3,1,2,5,2,1,1,1,2,10 
47,1,2,4,2,2,1,2,1,2,0,2,12 
47,2,1,2,3,2,3,1,1,1,0,2,6 
48,0,3,3,3,2,2,2,1,1,0,2,4 
48,0,3,3,3,3,3,2,0,1,1,1,4 
48,0,3,3,2,0,4,2,2,1,1,1,14 
48,0,3,3,3,2,3,2,2,1,0,1,4 
48,0,3,3,3,1,2,2,1,1,1,1,8 
48,1,1,3,1,3,4,1,1,1,1,1,6 
48,1,3,3,1,2,4,0,1,0,0,2,8 
48,0,2,3,3,2,2,2,0,1,1,1,6 
48,1,2,4,0,4,4,2,0,2,1,1,10 
48,1,3,3,1,3,3,2,1,0,1,1,4 
48,0,3,3,2,3,4,2,1,0,1,1,4 
48,0,2,3,3,3,4,2,1,1,1,1,6 
48,2,1,2,2,2,4,2,1,2,1,1,6 
48,2,1,3,3,2,2,1,2,0,2,1,6 
48,1,2,3,3,3,3,2,2,0,0,0,4 
48,1,3,3,2,0,4,1,2,1,0,1,16 
48,2,1,2,2,3,3,2,1,0,2,1,0 
48,1,1,3,1,2,5,2,1,1,1,2,10 
48,1,2,4,2,2,1,2,1,2,0,2,12 
48,2,1,2,3,2,3,1,1,1,0,2,6 
49,0,3,3,3,2,2,2,1,1,0,2,4 
49,0,3,3,3,3,3,2,0,1,1,1,4 
49,0,3,3,2,2,4,2,2,1,1,1,8 
49,0,3,3,3,2,3,2,2,1,0,1,4 
49,0,3,3,3,2,2,2,1,1,1,1,6 
49,1,1,3,1,3,4,1,1,1,1,1,6 
49,1,3,3,1,2,4,0,1,0,0,2,8 
49,0,2,3,3,2,2,2,0,1,1,1,6 
49,1,2,4,0,4,4,2,0,1,1,1,6 
49,1,3,3,1,3,3,2,1,0,1,1,4 
49,0,3,3,2,3,4,2,1,0,1,1,4 
49,0,2,3,3,3,4,2,1,1,1,1,6 
49,2,1,2,2,2,4,2,1,2,1,1,6 
49,2,1,3,3,2,2,1,2,0,2,1,6 
49,1,2,3,3,3,3,2,2,0,0,0,4 
49,1,3,3,2,0,4,1,2,1,0,1,16 
49,2,1,2,2,3,3,2,1,0,2,1,0 
49,1,1,3,1,2,5,2,1,1,1,2,10 
49,1,2,4,2,2,1,2,1,2,0,2,12 
49,2,1,2,3,2,3,1,1,1,0,2,6 
50,0,3,3,3,2,2,2,1,1,0,2,4 
50,0,3,3,3,3,3,2,0,1,1,1,4 
50,0,3,3,2,2,4,2,2,1,1,1,8 
50,0,3,3,3,2,3,2,2,1,0,1,4 
50,0,3,3,3,2,2,2,1,1,1,1,6 
50,1,1,3,1,3,4,1,1,1,1,1,6 
50,1,3,3,1,2,4,0,1,0,0,2,8 
50,0,2,3,3,2,2,2,0,1,1,1,6 
50,1,2,4,0,4,4,2,0,1,1,1,6 
50,1,3,3,1,3,3,2,1,0,1,1,4 
50,0,3,3,2,3,4,2,1,0,1,1,4 
50,0,2,3,3,3,4,2,1,1,1,1,6 
50,2,1,2,2,2,4,2,1,2,1,1,6 
50,2,1,3,3,2,2,1,2,0,2,1,6 
50,1,2,3,3,3,3,2,2,0,0,0,4 
50,1,3,3,2,0,4,1,2,1,0,1,16 
50,2,1,2,2,3,3,2,1,0,2,1,0 
50,1,1,3,1,2,5,2,1,1,1,2,10 
50,1,2,4,2,2,1,2,1,2,0,2,12 
50,2,1,2,3,2,3,1,1,1,0,2,6 